Customers,Number of Users,Invoice Date,Invoice #,Invoice Amount,Subscription,Account Code ,Dates of service ,Address,Lat,Long
University 1,,3/20/2015,ATLAS 315,"$72,000.00",1 Year,4700-0-00-00000-18-0000,1 Year Subscription 3/18/15 to 6/30/16,"1201 N 3rd St #6, Baton Rouge, LA 70802",30.46019,-91.18853
University 2,250.0,5/28/2015,AJ501,"$3,500.00",1 Year,4700-0-00-00000-16-0000,1 Year Subscription 6/1/15 to 6/30/16,"1 Kellogg Cir, Emporia, KS 66801",38.392609,-96.18139599999999
University 3,,6/23/2015,AJ502,"$3,500.00",1 Year,4700-0-00-00000-17-0000,1 Year Subscription 6/10/15 to 6/30/16,"150 University Blvd, Morehead, KY 40351",38.184921,-83.434441
University 4,,6/26/2015,AJ503,"$6,500.00",1 Year,4700-0-00-00000-32-0000,1 Year Subscription 6/1/15 to 6/30/16,"44 Pierrepont Ave, Potsdam, NY 13676",44.663779999999996,-74.978409
University 5,,10/7/2015,AJ504,$750.00,1 Year,4700-0-00-00000-20-0000,1 Year Subscription 10/05/15 to 9/30/16,"47645 College Dr, St Marys City, MD 20686",38.190601,-76.4263
University 6,,10/19/2015,AJ505,"$3,400.00",1 Year,4700-0-00-00000-28-0000,1 Year Subscription 10/01/15 to 10/1/16,"4230 McLeod Dr, Las Vegas, NV 89121",36.112561,-115.109222
University 7,,10/27/2015,AJ506,"$28,000.00",1 Year,4700-4-11-00100-00-1502,1 Year Subscription 09/18/15-12/31/16,"1849 C Street, N.W Washington, D.C. 20240",38.894453000000006,-77.042603
University 7,,12/10/2015,AJ507,"$16,200.00",1 Year,4700-4-11-00100-00-1502,1 Year Subscription 09/18/15-12/31/16,"1849 C Street, N.W Washington, D.C. 20240",38.894453000000006,-77.042603
University 1,,12/11/2015,AJ5081,"$67,000.00",1 Year,4700-0-00-00000-00-0000,1 Year Subscription 7/1/16 to 12/31/17,"1201 N 3rd St #6, Baton Rouge, LA 70802",30.459975,-91.188601
University 8,250.0,12/17/2015,AJ508,"$3,500.00",1 Year,4700-0-00-00000-00-0000,1 Year Subscription 10/22/15 to 10/31/16,"200 Stadium Dr, Williamsburg, VA 23185",37.27174,-76.71426
University 9,,1/6/2016,AJ509,$750.00,1 Year,4700-0-00-00000-00-0000,1 Year Subscription 01/01/16 to 01/31/17,"231 W Hancock St, Milledgeville, GA 31061",33.080841,-83.231778
University 9,,1/6/2016,AJ509,$750.00,1 Year,4700-0-00-00000-00-0000,1 Year Subscription 01/01/16 to 01/31/17,"231 W Hancock St, Milledgeville, GA 31061",33.080841,-83.231778
University 10,250.0,1/11/2016,AJ510,"$2,166.67",1 Year,4700-0-00-00000-00-0000,1 Year Subscription 01/07/16 to 01/31/17,"1101 W College Ave, Jacksonville, IL 62650",39.732209999999995,-90.24694699999999
University 10,,1/11/2016,AJ510 (3),"$2,166.67",1 Year,4700-0-00-00000-00-0000,1 Year Subscription 1/7/18 to 1/31/19,"1101 W College Ave, Jacksonville, IL 62650",39.732209999999995,-90.24694699999999
University 10,,1/11/2016,000006,"$2,166.67",1 Year,4700-0-00-00000-00-0000,1 Year Subscription 1/7/17 to 1/31/18,"1101 W College Ave, Jacksonville, IL 62650",39.732209999999995,-90.24694699999999
University 11,250.0,1/12/2016,AJ511,"$3,500.00",1 Year,4700-0-00-00000-00-0000,1 Year Subscription01/06/16 to 06/30/17,"129 Taylor Education Bldg, Lexington, KY 40506",37.986014000000004,-84.396001
University 12,,2/1/2016,AJ512,$750.00,1 Year,4700-0-00-00000-00-0000,"1 Year Subscription 01/19/16 to January 31,2017","315 Shorter Ave, Rome, GA 30165",34.263421,-85.189688
University 12,,2/1/2016,AJ512,$750.00,1 Year,4700-0-00-00000-00-0000,"1 Year Subscription 01/19/16 to January 31,2017","315 Shorter Ave, Rome, GA 30165",34.263421,-85.189688
University 13,,2/23/2016,AJ513,$750.00,1 Year,4700-0-00-00000-00-0000,1 Year Subscription 02/15/16-06/30/2017,"701 Oakland Ave, Rock Hill, SC 29730",34.938466,-81.029872
University 2,250.0,3/15/2016,AJ514,"$3,500.00",1 Year,4700-0-00-00000-00-0000,1 Year Subscription 06/30/16 to 06/30/17,"1 Kellogg Cir, Emporia, KS 66801",38.392609,-96.18139599999999
University 14,,5/10/2016,AJ516,"$1,000.00",1 Year,4700-0-00-00000-00-0000,1 Year Subscription 5/6/16 to 4/30/17,"3261 W State St, St Bonaventure, NY 14778",42.08068,-78.48354300000001
University 15,,5/11/2016,AJ521,$750.00,1 Year,4700-0-00-00000-00-0000,1 Year Subscription 5/11/16 to 6/30/2017,"7207 Young Street, Machipongo, VA 23405",37.403801,-75.910387
University 16,,5/11/2016,AJ517,$750.00,1 Year,4700-0-00-00000-00-0000,1 Year Subscription 5/03/16 to 5/2/17,"1120 15th St, Augusta, GA 30912",33.470787,-81.98959
University 17,500.0,5/11/2016,AJ518,"$6,600.00",3 Years,4700-0-00-00000-00-0000,3 Years Subscription 8/1/16 to 7/31/2019,"250 University Ave, California, PA 15419",40.065615,-79.885932
University 18,,5/11/2016,AJ520,"$3,500.00",1 Year,4700-0-00-00000-00-0000,1 Year Subscription 4/25/16 to 10/31/17,"41870 McAlby Ct. Murrieta, CA 92562-7021",33.529999,-117.18559099999999
University 17,500.0,5/11/2016,AJ518(2),"$2,850.00",3 Years,4700-0-00-00000-00-0000,3 Years Subscription 8/1/16 to 7/31/2019,"250 University Ave, California, PA 15419",40.065615,-79.885932
University 11,,5/11/2016,AJ522,"$3,500.00",1 Year,4700-0-00-00000-00-0000,1 Year Subscription 5/10/16 to 6/30/2017,"129 Taylor Education Bldg, Lexington, KY 40506",37.986014000000004,-84.396001
University 19,,5/11/2016,AJ519,$750.00,1 Year,4700-0-00-00000-00-0000,1 Year Subscription 9/01/16 to 9/30/2017,"6201 Winnetka Ave, Woodland Hills, CA 91371",34.183904999999996,-118.57507700000001
University 20,,5/19/2016,AJ523,"$9,450.00",3 Years,4700-0-00-00000-00-0000,3 Year Subscription 5/13/16 to 5/31/19,"501 Crescent St, New Haven, CT 06515",41.331619,-72.946852
University 21,,5/24/2016,AJ524,$750.00,1 Year,4700-0-00-00000-00-0000,1 Year Subscription 5/23/16 to 5/31/17,"201 Mullica Hill Rd, Glassboro, NJ 08028",39.709696,-75.120704
University 22,250.0,5/26/2016,AJ526,"$3,500.00",1 Year,4700-0-00-00000-00-0000,1 Year Subscription 7/1/16 to 7/30/17,"2020 Illinois State University, Normal, IL USA",41.5028,-87.68429300000001
University 23,,6/1/2016,AJ527,$750.00,1 Year,4700-0-00-00000-00-0000,1 Year Subscription 6/1/16 to 5/31/17,"2000 Baltimore Ave Ste 300, Kansas City, MO 64108",39.088975,-94.58516
University 24,,6/8/2016,AJ529,$750.00,1 Year,4700-0-00-00000-00-0000,1 Year Subscription 12/31/2016 to 12/31/2017,"47645 College Dr, St Marys City, MD 20686",38.188827,-76.42549
University 25,250.0,6/10/2016,AJ530,"$2,450.00",3 Years,4700-0-00-00000-00-0000,3 Years Subscription 6/6/16 to 5/31/17,"11935 Abercorn St, Savannah, GA 31419",31.978808,-81.16297800000001
University 26,,6/10/2016,AJ531,$750.00,1 Year,4700-0-00-00000-00-0000,1 Year Subscription 6/1/16 to 5/31/17,"4001 W McNichols Rd, Detroit, MI 48221",42.414840000000005,-83.137876
University 25,250.0,6/10/2016,AJ530 (2),"$2,450.00",3 Years,4700-0-00-00000-00-0000,3 Years Subscription 6/6/17 to 5/31/18,"11935 Abercorn St, Savannah, GA 31419",31.978808,-81.16297800000001
University 25,250.0,6/10/2016,AJ530 (3),"$2,450.00",3 Years,4700-0-00-00000-00-0000,3 Years Subscription 6/6/18 to 5/31/19,"11935 Abercorn St, Savannah, GA 31419",31.978808,-81.16297800000001
University 27,,6/13/2016,AJ532,"$50,000.00",1 Year,4700-0-00-00000-00-0000,1 Year Subscription 05/01/2016 to 12/17/17,"901 13th St S, Birmingham, AL 35294",33.498228999999995,-86.8073
University 28,1000.0,6/15/2016,AJ533,"$13,650.00",3 Years,4700-0-00-00000-00-0000,3 Years Subscription 6/3/16 to 5/31/19,"1210 21st Avenue, Tuscaloosa, AL 35401",33.203634,-87.56214399999999
University 29,250.0,6/20/2016,AJ534,"$3,500.00",1 Year,4700-0-00-00000-00-0000,1 Year Subscription 6/14/16 to 5/31/17,"6178 College Station Drive, Williamsburg, KY 40769",36.737027000000005,-84.162826
University 30,,6/20/2016,AJ535,$750.00,1 Year,4700-0-00-00000-00-0000,1 Year Subscription 6/20/16 to 6/30/17,"315 E College Ave, Greenville, IL 62246",38.892942,-89.410143
University 31,100.0,6/30/2016,AJ536,$750.00,1 Year,4700-0-00-00000-00-0000,1 Year Subscription 6/22/16 to 6/30/17,"New York, NY 10003",40.731274,-73.990999
University 32,100.0,7/25/2016,AJ537,"$1,000.00",1 Year,4700-0-00-00000-00-0000,1 Year Subscription 8/31/16 to 7/31/16,"1000 River Rd, Teaneck, NJ 07666",40.897169,-74.02901800000001
University 33,1000.0,7/25/2016,AJ538,"$3,500.00",1 Year,4700-0-00-00000-00-0000,1 Year Subscription 7/25/16 to 7/31/17,"1400 Spring Garden St, Greensboro, NC 27412",36.065616,-79.81305
University 34,100.0,8/23/2016,AJ543,$750.00,1 Year,4700-0-00-00000-00-0000,1 Year Subscription 8/22/16 to 8/31/17,"501 E High St, Oxford, OH 45056",39.509498,-84.734465
University 35,250.0,8/23/2016,AJ539,"$3,500.00",1 Year,4700-0-00-00000-00-0000,1 Year Subscription 8/10/16 to 8/31/17,"200 Kalmus Dr, Costa Mesa, CA 92626",33.673152,-117.880738
University 36,250.0,8/23/2016,AJ540,"$3,500.00",1 Year,4700-0-00-00000-00-0000,1 Year Subscription 8/16/16 to 8/31/17,"1021 Central Ave, Demorest, GA 30535",34.566567,-83.54284
University 3,100.0,8/23/2016,AJ541,$750.00,1 Year,4700-0-00-00000-00-0000,1 Year Subscription 8/18/16 to 8/31/17,"150 University Blvd, Morehead, KY 40351",38.186526,-83.43560500000001
University 37,250.0,8/23/2016,AJ542,"$3,500.00",1 Year,4700-0-00-00000-00-0000,1 Year Subscription 11/1/16 to 10/31/17,"50 Gender Road, Newark, DE 19713",39.658390000000004,-75.717762
University 38,250.0,8/25/2016,AJ544,$750.00,1 Year,4700-0-00-00000-00-0000,1 Year Subscription 8/23/16 to 8/31/17,"1200 Murchison Rd, Fayetteville, NC 28301",35.072882,-78.893753
University 39,100.0,8/29/2016,AJ545,$750.00,1 Year,4700-0-00-00000-00-0000,1 Year Subscription 8/16/16 to 8/31/17,"1000 Chastain Rd NW, Kennesaw, GA 30144",34.033208,-84.581906
University 40,100.0,9/9/2016,AJ546,$750.00,1 Year,4700-0-00-00000-00-0000,1 Year Subscription 8/16/16 to 8/31/17,"2233 Deerfield Dr, Fort Mill, SC 29715",35.050377000000005,-80.949466
University 41,100.0,9/9/2016,AJ547,$750.00,1 Year,4700-0-00-00000-00-0000,1 Year Subscription 9/7/16 to 9/30/17,"3900 Jog Road, Boca Raton, FL 33434",26.384203999999997,-80.14575
University 42,5000.0,9/15/2016,AJ548,"$50,000.00",3 Years,4700-0-00-00000-00-0000,3 Years Subscription 6/13/16 to 6/12/2019,"4001 S 700 E #300, Salt Lake City, UT 84107",40.684882,-111.869961
University 43,250.0,9/29/2016,AJ549,"$8,000.00",1 Year,4700-0-00-00000-00-0000,1 Year Subscription 11/29/16 to 11/30/17,"444 North Capitol St NW # 207, Washington, DC 20001",38.89583,-77.009828
University 44,100.0,10/6/2016,AJ550,$750.00,1 Year,4700-0-00-00000-00-0000,1 Year Subscription 10/1/16 to 9/30/17,"1200 Ala Kapuna St, Honolulu, HI 96819",21.36711,-157.90399399999998
University 45,85.0,10/11/2016,AJ552,$750.00,1 Year,4700-0-00-00000-00-0000,1 Year Subscription 10/11/16 to 10/31/17,"425 Grand Ave, Billings, MT 59101",45.78457,-108.52682800000001
University 46,300.0,10/11/2016,AJ551,"$5,500.00",1 Year,4700-0-00-00000-00-0000,1 Year Subscription 9/30/16 to 9/30/17,"1825 SW Broadway, Portland, OR 97201",45.511825,-122.68428600000001
University 8,250.0,10/17/2016,AJ553,"$3,500.00",1 Year,4700-0-00-00000-00-0000,1 Year Subscription 10/31/16 to 10/31/17,"200 Stadium Dr, Williamsburg, VA 23185",37.27174,-76.71426
University 47,100.0,10/31/2016,AJ554,"$7,350.00",3 Years,4700-0-00-00000-00-0000,3 Years Subscription 9/1/17 to 8/31/20,"850 Insight Park Avenue, University ,MS 38677",34.358185,-89.548378
University 48,75.0,11/18/2016,AJ555,"$4,750.00",3 Years,4700-0-00-00000-00-0000,3 Years Subscription 9/1/17 to 8/31/20,"75 B. S. Hood Road, Mississippi State, MS 39762",33.453832,-88.794057
University 49,50.0,11/30/2016,000001,"$1,500.00",1 Year,4700-0-00-00000-00-0000,1 Year Subscription 9/27/16 to 9/30/17,"6 Dansford Drive Colonial IU 20 Easton, PA 18045",40.732544,-75.263954
University 50,,11/30/2016,000002,"$7,500.00",3 Years,4700-0-00-00000-00-0000,3 Years Subscription 11/29/16 to 11/30/17,"5000 Holmes St, Kansas City, MO 64110",39.033781,-94.577827
University 51,50.0,1/6/2017,STAC01,$750.00,1 Year,4700-0-00-00000-00-0000,1 Year Subscription 01/04/17 to 01/04/18,"125 NY-340, Sparkill, NY 10976",41.027843,-73.92519300000001
University 52,25.0,2/9/2017,000005,"$4,999.00",3 Years,4700-0-00-00000-00-0000,3 Years Subscription 02/03/17 to 02/03/20,"359 N West St, Jackson, MS 39201",32.302802,-90.183909
University 53,200.0,2/16/2017,000007,"$4,500.00",1 Year,4700-0-00-00000-00-0000,1 Year Subscription 2/16/17 to 2/28/18,"3911 AVE I, ROSENBERG, 77471-3901",29.558453999999998,-95.786392
University 54,50.0,2/21/2017,000008,"$1,500.00",1 Year,4700-0-00-00000-00-0000,1 Year Subscription 2/16/17 to 2/28/18,"1001 N EMMET ST  Charlottesville, VA 22904-4202 ",38.049883,-78.501288
University 55,,3/20/2017,000011,$750.00,1 Year,4700-0-00-00000-00-0000,1 Year Subscription 3/17/17 to 3/31/18,"3601 Pacific Avenue, Stockton, CA 95211",37.981066999999996,-121.30895100000001
University 56,50.0,4/5/2017,000014,"$1,500.00",1 Year,4700-0-00-00000-00-0000,1 Year Subscription 3/24/17 to 3/31/18,"31 Flinders Street, Adelaide SA 5000",-34.927341,138.602002
University 57,50.0,4/10/2017,000015,"$6,300.00",3 Years,4700-0-00-00000-00-0000,3 Years Subscription 09/01/17 to 08/31/20,"1003 W Sunflower Rd, Cleveland, MS 38733",33.746860999999996,-90.736779
University 2,250.0,4/13/2017,000020,"$3,500.00",1 Year,4700-0-00-00000-00-0000,1 Year Subscription 6/30/17 to 6/30/18,"1 Kellogg Cir, Emporia, KS 66801",38.392609,-96.18139599999999
University 58,,4/13/2017,000021,"$3,000.00",1 Year,4700-0-00-00000-00-0000,1 Year Subscription 7/30/17 to 7/30/18,,,
University 16,,4/18/2017,000022,$750.00,1 Year,4700-0-00-00000-00-0000,1 Year Subscription 5/2/17 to 5/2/18,"1120 15th St, Augusta, GA 30912",33.470787,-81.98959
University 59,,4/27/2017,00002,"$2,630.00",1 Year,4700-0-00-00000-00-0000,1 Year Subscription 4/7/17 to 3/31/18,,,
University 60,,5/8/2017,000024,$750.00,1 Year,4700-0-00-00000-00-0000,1 Year Subscription 6/1/17 to 5/31/17,,,
University 61,,5/9/2017,000025,"$15,750.00",3 Years,4700-0-00-00000-00-0000,3 Years Subscription 5/8/17 to 4/30/17,,,
University 62,,5/12/2017,000028,$750.00,1 Year,4700-0-00-00000-00-0000,1 Year Subscription 6/30/17 to 6/30/18,,,
University 63,,5/12/2017,000027,"$10,500.00",3 Years,4700-0-00-00000-00-0000,3 Years Subscription 5/1/17 to 5/1/20,,,
University 64,,5/12/2017,000026,"$2,550.00",3 Years,4700-0-00-00000-00-0000,3 Years Subscription 5/11/17 to 4/30/20,,,
University 11,,5/17/2017,000030,"$3,500.00",1 Year,4700-0-00-00000-00-0000,1 Year Subscription 6/30/17 to 6/30/18,,,
University 13,,5/22/2017,000032,$750.00,1 Year,4700-0-00-00000-00-0000,1 Year Subscription 6/30/17 to 6/30/18,,,
University 65,,5/22/2017,000031,$750.00,1 Year,4700-0-00-00000-00-0000,1 Year Subscription 6/30/17 to 6/30/18,,,
University 66,,5/23/2017,000033,"$10,500.00",3 Years,4700-0-00-00000-00-0000,3 Years Subscription,,,
University 67,,6/7/2017,000035,"$4,500.00",2 Years,4700-0-00-00000-00-0000,2 Years Subscription 6/30/17 to 6/30/19,,,
University 68,,6/8/2017,000034,"$9,000.00",2 Years,4700-0-00-00000-00-0000,2 Years Subscription 6/30/17 to 6/30/19,,,
University 69,,6/14/2017,000037,"$3,000.00",1 Year,4700-0-00-00000-00-0000,1 Year Subscription 6/14/17 to 6/30/18,,,
University 70,,6/14/2017,000038,"$11,500.00",3 Years,4700-0-00-00000-00-0000,3 Years Subscription 6/14/17 to 6/30/20,,,
University 71,,6/15/2017,000041,"$50,000.00",1 Year,4700-0-00-00000-00-0000,1 Year Subscription 6/14/17 to 6/30/18,,,
University 3,,6/15/2017,000040,$750.00,1 Year,4700-0-00-00000-00-0000,1 Year Subscription 8/31/17 to 8/21/18,,,
University 72,,6/19/2017,000042,"$4,500.00",1 Year,4700-0-00-00000-00-0000,1 Year Subscription 11/30/17 to 11/30/18,,,
University 30,,7/10/2017,000045,$750.00,1 Year,4700-0-00-00000-00-0000,1 Year Subscription 6/30/17 to 6/30/18,,,
University 73,,7/14/2017,000047,"$1,750.00",1 Year,4700-0-00-00000-00-0000,1 Year Subscription 6/30/17 to 6/30/18,,,
University 74,,7/14/2017,000046,"$5,880.00",3 Years,4700-0-00-00000-00-0000,3 Years Subscription 7/1/17 to 7/31/20,,,
University 75,,7/25/2017,000051,"$7,500.00",1 Year,4700-0-00-00000-00-0000,1 Year Subscription 7/25/17 to 7/31/18,,,
University 76,,8/7/2017,000053,"$6,300.00",3 Years,4700-0-00-00000-00-0000,3 Years Subscription 8/4/17 to 7/31/20,,,
University 77,,8/10/2017,000054,"$12,600.00",3 Years,4700-0-00-00000-00-0000,3 Years Subscription 8/15/17 to 8/15/20,,,
University 78,,8/21/2017,000056,"$6,300.00",3 Years,4700-0-00-00000-00-0000,3 Years Subscription 8/21/17 to 8/31/20,,,
University 79,,8/22/2017,000059,"$2,560.00",1 Year,4700-0-00-00000-00-0000,1 Year Subscription 8/21/17 to 8/31/18,,,
University 80,,8/23/2017,000058,"$2,700.00",1 Year,4700-0-00-00000-00-0000,1 Year Subscription 8/23/17 to 8/31/18,,,
University 38,,8/25/2017,000061,$750.00,1 Year,4700-0-00-00000-00-0000,1 Year Subscription 8/31/17 to 8/31/18,,,
University 45,,8/28/2017,000060,$750.00,1 Year,4700-0-00-00000-00-0000,1 Year Subscription 10/31/17 to 10/31/18,,,
University 81,,9/1/2017,000061,"$3,760.00",1 Year,4700-0-00-00000-00-0000,1 Year Subscription 8/31/17 to 8/31/18,,,
University 19,,9/6/2017,000062,$750.00,1 Year,4700-0-00-00000-00-0000,1 Year Subscription 9/30/2017 to 9/30/18,,,
University 46,,9/6/2017,000065,"$3,500.00",1 Year,4700-0-00-00000-00-0000,1 Year Subscription 9/30/2017 to 9/30/18,,,
University 82,,9/7/2017,000064,"$1,700.00",1 Year,4700-0-00-00000-00-0000,1 Year Subscription 9/30/2017 to 9/30/18,,,
University 83,,9/12/2017,000067,"$7,560.00",3 Years,4700-0-00-00000-00-0000,3 Years Subscription 6/30/17 to 6/30/20,,,
University 84,,9/27/2017,000069,"$2,500.00",1 Year,4700-0-00-00000-00-0000,1 Year Subscription 10/31/17 to 10/31/18,,,
University 85,,9/27/2017,000068,"$1,750.00",1 Year,4700-0-00-00000-00-0000,1 Year Subscription 9/30/17 to 9/30/18,,,
University 8,,9/29/2017,000071,"$1,700.00",1 Year,4700-0-00-00000-00-0000,1 Year Subscription 10/31/17 to 10/31/18,,,
University 86,,10/11/2017,000073,"$12,500.00",1 Year,4700-0-00-00000-00-0000,1 Year Subscription 9/1/2017 to 8/31/18,,,
University 87,,10/11/2017,000074,"$1,500.00",1 Year,4700-0-00-00000-00-0000,1 Year Subscription 9/1/2017 to 8/31/18,,,
University 88,,10/17/2017,000078,"$2,000.00",1 Year,4700-0-00-00000-00-0000,1 Year Subscription 10/13/2017 to 9/30/18,,,
University 89,,10/23/2017,000080,"$26,250.00",3 Years,4700-0-00-00000-00-0000,3 Years Subscription 10/20/17 to 10/31/20,,,
University 90,,10/24/2017,000082,$750.00,1 Year,4700-0-00-00000-00-0000,1 Year Subscription 8/31/17 to 8/31/18,,,
University 91,,10/31/2017,,"$1,700.00",1 Year,4700-0-00-00000-00-0000,1 Year Subscription 8/31/17 to 8/31/18,,,
University 92,,11/7/2017,000084,"$2,700.00",1 Year,4700-0-00-00000-00-0000,1 Year Subscription 7/1/2017 to 6/30/18,,,
University 93,,11/17/2017,000087,"$6,500.00",1 Year,4700-0-00-00000-00-0000,1 Year Subscription 12/31/17 to 12/31/18,,,
University 94,,11/20/2017,000089,"$3,500.00",1 Year,4700-0-00-00000-00-0000,1 Year Subscription 11/15/17 to 11/30/18,,,
University 49,,11/28/2017,000090,"$1,500.00",1 Year,4700-0-00-00000-00-0000,1 Year Subscription 11/30/17 to 11/30/18,,,
University 31,,12/4/2017,000091,"$4,500.00",1 Year,4700-0-00-00000-00-0000,1 Year Subscription 8/1/17 to 7/31/17,,,
University 95,,1/8/2018,000167,"$1,500.00",1 Year,4700-0-00-00000-00-0000,1 Year Subscription 1/31/19 to 1/31/20,,,
University 96,,1/9/2018,000093,"$1,500.00",1 Year,4700-0-00-00000-00-0000,1 Year Subscription 1/9/18 to 1/13/19,,,
University 97,,1/17/2018,000095,$250.00,1 Year,4700-0-00-00000-00-0000,1 Year Subscription 1/9/18 to 1/13/19,,,
University 98,,1/17/2018,000096,"$2,750.00",1 Year,4700-0-00-00000-00-0000,1 Year Subscription 1/17/18 to 1/31/19,,,
University 36,,1/25/2018,000097,"$3,500.00",1 Year,4700-0-00-00000-00-0000,1 Year Subscription 1/31/18 to 1/31/19,,,
University 99,,3/1/2018,000098,"$2,650.00",1 Year,4700-0-00-00000-00-0000,1 Year Subscription 3/1/1/ to 2/28/19,,,
University 100,,3/14/2018,000101,"$7,500.00",1 Year,4700-0-00-00000-00-0000,1 Year Subscription 3/1/18 to 2/28/19,,,
University 101,,3/19/2018,000102,"$50,000.00",1 Year,4700-0-00-00000-00-0000,1 Year Subscription 10/1/17 to 9/30/18,,,
University 16,,3/19/2018,000103,$750.00,1 Year,4700-0-00-00000-00-0000,1 Year Subscription 5/2/18 to 4/30/19,"1120 15th St, Augusta, GA 30912",33.470787,-81.98959
University 102,,3/23/2018,000105,"$5,460.00",3 Years,4700-0-00-00000-00-0000,3 Years Subscription 3/21/18 to 3/31/21,,,
University 103,,3/23/2018,000104,$750.00,1 Year,4700-0-00-00000-00-0000,1 Year Subscription 1/4/18 to 1/31/19,,,
University 54,,3/30/2018,000108,"$1,500.00",1 Year,4700-0-00-00000-00-0000,1 Year Subscription 3/14/18 to 2/28/19,,,
University 104,,4/6/2018,000111,"$5,500.00",1 Year,4700-0-00-00000-00-0000,1 Year Subscription 4/5/18 to 3/31/19,,,
University 105,,4/10/2018,000113,$750.00,1 Year,4700-0-00-00000-00-0000,1 Year Subscription 6/30/18 to 6/30/19,,,
University 13,,4/10/2018,000112,$750.00,1 Year,4700-0-00-00000-00-0000,1 Year Subscription 6/30/18 to 6/30/19,,,
University 106,,4/11/2018,000114,"$5,775.00",3 Years,4700-0-00-00000-00-0000,3 Years Subscription 7/18/18 to 6/21/19,,,
University 107,,4/12/2018,000115,"$1,900.00",1 Year,4700-0-00-00000-00-0000,1 Year Subscription 6/30/18 to 6/30/19,,,
University 108,,4/20/2018,000116,$500.00,1 Year,4700-0-00-00000-00-0000,1 Year Subscription 4/18/18 to 3/31/19,,,
University 30,,4/25/2018,000118,$750.00,1 Year,4700-0-00-00000-00-0000,1 Year Subscription 6/30/18 to 6/30/19,,,
University 109,,4/25/2018,000119,"$15,750.00",3 Years,4700-0-00-00000-00-0000,3 Years Subscription 8/1/18 to 7/31/21,,,
University 110,,4/25/2018,000120,"$1,700.00",1 Year,4700-0-00-00000-00-0000,1 Year Subscription 4/23/18 to 3/31/18,,,
University 111,,4/25/2018,000121,"$6,825.00",3 Years,4700-0-00-00000-00-0000,3 Years Subscription 7/1/18 to 6/30/21,,,
University 112,,5/1/2018,000122,"$3,100.00",1 Year,4700-0-00-00000-00-0000,1 Year Subscription 4/20/18 to 4/30/19,,,
University 113,,5/1/2018,000123,$500.00,1 Year,4700-0-00-00000-00-0000,1 Year Subscription 9/1/18 to 8/31/19,,,
University 114,,5/2/2018,000124,"$3,000.00",1 Year,4700-0-00-00000-00-0000,1 Year Subscription 05/15/18 to 05/15/19,,,
University 115,,5/7/2018,000125,$300.00,1 Year,4700-0-00-00000-00-0000,1 Year Subscription 9/1/18 to 8/31/19,,,
University 116,,5/16/2018,000127,"$5,670.00",3 Years,4700-0-00-00000-00-0000,3 Years Subscription 9/1/18 to 8/31/21,,,
University 117,,5/16/2018,000128,"$6,300.00",3 Years,4700-0-00-00000-00-0000,3 Years Subscription 5/15/18 to 5/31/21,,,
University 118,,5/29/2018,000130,"$1,500.00",1 Year,4700-0-00-00000-00-0000,1 Year Subscription 06/1/18 to 06/30/19,,,
University 31,,5/29/2018,000129,"$4,500.00",1 Year,4700-0-00-00000-00-0000,1 Year Subscription 07/31/18 to 07/31/19,,,
University 119,,6/1/2018,000134,"$5,000.00",3 Years,4700-0-00-00000-00-0000,3 Years Subscription 11/30/19 to 11/30/22,,,
University 39,,6/1/2018,000131,"$2,850.00",1 Year,4700-0-00-00000-00-0000,1 Year Subscription 8/1/18 to 9/30/18,,,
University 120,,6/8/2018,000137,"$3,500.00",1 Year,4700-0-00-00000-00-0000,1 Year Subscription 6-30-18 to 6/30/19,,,
University 121,,6/19/2018,000135,"$2,760.00",1 Year,4700-0-00-00000-00-0000,1 Year Subscription 8-31-18 to 8-31-19,,,
University 122,,7/2/2018,000136,"$6,300.00",3 Years,4700-0-00-00000-00-0000,3 Years Subscription 8/1/18 to 7/31/21,,,
University 123,,7/10/2018,000138,"$1,500.00",1 Year,4700-0-00-00000-00-0000,1 Year Subscription 8/1/18 to 7/31/19,,,
University 124,,7/23/2018,000139,"$3,600.00",1 Year,4700-0-00-00000-00-0000,1 Year Subscription 8/1/18 to 7/31/19,,,
University 6,,7/26/2018,000140,"$7,350.00",3 Years,4700-0-00-00000-00-0000,3 Years Subscription 7/26/18 to 7/31/21,,,
University 125,,8/10/2018,000141,"$1,500.00",1 Year,4700-0-00-00000-00-0000,1 Year Subscription 8/8/18 to 7/31/19,,,
University 126,,8/21/2018,000143,$510.00,1 Year,4700-0-00-00000-00-0000,1 Year Subscription 9/1/18 to 8/31/19,,,
University 19,,8/21/2018,000144,$750.00,1 Year,4700-0-00-00000-00-0000,1 Year Subscription 9/30/18 to 9/30/19,,,
University 38,,8/21/2018,000142,$750.00,1 Year,4700-0-00-00000-00-0000,1 Year Subscription 8/31/18 to 8/31/19,,,
University 127,,8/23/2018,000145,"$3,500.00",1 Year,4700-0-00-00000-00-0000,1 Year Subscription 7/31/18 to 7/31/19,,,
University 80,,8/23/2018,000146,"$1,700.00",1 Year,4700-0-00-00000-00-0000,1 Year Subscription 8/31/18 to 8/31/19,,,
University 128,,8/27/2018,000147,"$3,000.00",1 Year,4700-0-00-00000-00-0000,1 Year Subscription 8/24/18 to 8/31/18,,,
University 129,,8/29/2018,000148,"$7,500.00",1 Year,4700-0-00-00000-00-0000,1 Year Subscription 8/28/18 to 8/31/19,,,
University 8,,9/11/2018,000149,"$1,700.00",1 Year,4700-0-00-00000-00-0000,1 Year Subscription 10/31/18 to 10/31/19,,,
University 82,,9/17/2018,000150,"$1,700.00",1 Year,4700-0-00-00000-00-0000,1 Year Subscription 9/30/18 to 9/30/19,,,
University 130,,9/20/2018,000151,"$2,700.00",1 Year,4700-0-00-00000-00-0000,1 Year Subscription 9/19/18 to 9/30/19,,,
University 131,,9/24/2018,000152,"$4,500.00",1 Year,4700-0-00-00000-00-0000,1 Year Subscription 11/30/18 to 11/30/19,,,
University 132,,9/28/2018,000153,"$2,000.00",1 Year,4700-0-00-00000-00-0000,1 Year Subscription 9/28/18 to 9/30/19,,,
University 46,,9/28/2018,000154,"$5,250.00",3 Years,4700-0-00-00000-00-0000,3 Years Subscription 9/30/18 to 9/30/21,,,
University 133,,10/16/2018,000156,"$1,500.00",1 Year,4700-0-00-00000-00-0000,1 Year Subscription 10/16/18 to 10/31/19,,,
University 134,,10/16/2018,000157,"$3,500.00",3 Years,4700-0-00-00000-00-0000,3 Years Subscription 10/16/18 to 10/31/21,,,
University 49,,10/16/2018,000155,"$1,500.00",1 Year,4700-0-00-00000-00-0000,1 Year Subscription 11/30/18 to 11/30/19,,,
University 35,,11/5/2018,000158,"$1,550.00",1 Year,4700-0-00-00000-00-0000,1 Year Subscription 11/30/18 to 11/30/19,,,
University 135,,11/16/2018,000159,"$1,750.00",1 Year,4700-0-00-00000-00-0000,1 Year Subscription 11/15/18 to 11/30/19,,,
University 136,,11/19/2018,000160,"$2,800.00",1 Year,4700-0-00-00000-00-0000,1 Year Subscription 11/16/18 to 11/31/19,,,
University 137,,11/20/2018,000161,"$2,270.00",1 Year,4700-0-00-00000-00-0000,1 Year Subscription 11/19/18 to 11/30/19,,,
University 104,,11/26/2018,NB181127,"$4,500.00",1 Year,4700-0-00-00000-00-0000,1 Year Subscription 8/1/19 to 7/31/19,,,
University 138,,11/28/2018,000162,"$2,100.00",1 Year,4700-0-00-00000-00-0000,1 Year Subscription 11/27/18 to 11/30/19,,,
University 139,,11/29/2018,000163,"$1,500.00",1 Year,4700-0-00-00000-00-0000,1 Year Subscription 11/27/18 to 11/30/19,,,
University 75,,12/4/2018,000164,"$7,500.00",1 Year,4700-0-00-00000-00-0000,1 Year Subscription 8/1/18 to 7/31/19,,,
University 140,,12/7/2018,000165,"$1,500.00",1 Year,4700-0-00-00000-00-0000,1 Year Subscription 8/31/18 to 8/31/19,,,
University 51,,1/4/2019,000166,$750.00,1 Year,4700-0-00-00000-00-0000,1 Year Subscription 1/4/19 to 1/4/20,,,
University 10,,1/9/2019,000168,"$4,200.00",3 Years,4700-0-00-00000-00-0000,3 Years Subscription 1/31/19 to 1/31/22,,,
University 93,,1/23/2019,000169,"$3,500.00",1 Year,4700-0-00-00000-00-0000,1 Year Subscription 12/31/18 to 12/31/19,,,
University 136,,1/28/2019,000170,"$1,000.00",1 Year,4700-0-00-00000-00-0000,1 Year Subscription 11/15/18 to 11/30/19,,,
University 99,,1/29/2019,000171,"$1,750.00",1 Year,4700-0-00-00000-00-0000,1 Year Subscription 2/28/19 to 2/29/20,,,
University 141,,1/30/2019,000172,"$6,850.00",3 Years,4700-0-00-00000-00-0000,3 Years Subscription 1/31/19 to 1/31/22,,,
University 139,,2/6/2019,000174,"$1,250.00",1 Year,4700-0-00-00000-00-0000,1 Year Subscription 1/31/19 to 1/31/20,,,
University 36,,2/6/2019,000173,"$3,500.00",1 Year,4700-0-00-00000-00-0000,1 Year Subscription 1/31/19 to 1/31/20,,,
University 142,,2/27/2019,000177,"$1,000.00",1 Year,4700-0-00-00000-00-0000,1 Year Subscription 2/27/19 to 2/29/20,,,
University 143,,3/1/2019,000178,"$50,000.00",1 Year,4700-0-00-00000-00-0000,1 Year Subscription 10/1/18 to 09/30/19,,,
University 144,,3/15/2019,000179,"$1,250.00",6 Months,4700-0-00-00000-00-0000,6 Months Subscription 7/1/19 to 12/31/19,,,
University 16,,4/4/2019,,$750.00,1 Year,4700-0-00-00000-00-0000,1 Year Subscription 4/30/19 to 4/30/20,"1120 15th St, Augusta, GA 30912",33.470787,-81.98959
University 145,,4/5/2019,000180,"$1,000.00",1 Year,4700-0-00-00000-00-0000,1 Year Subscription 4/5/19 to 3/31/20,,,
University 146,,4/9/2019,000181,"$4,000.00",1 Year,4700-0-00-00000-00-0000,1 Year Subscription 4/9/19 to 3/31/20,,,
University 147,,4/10/2019,000182,"$7,350.00",3 Years,4700-0-00-00000-00-0000,3 Years Subscription 4/10/19 to 3/31/22,,,
University 112,,4/15/2019,000183,"$2,100.00",1 Year,4700-0-00-00000-00-0000,1 Year Subscription 4/30/19 to 4/30/20,,,
University 2,,5/3/2019,000184,"$1,000.00",1 Year,4700-0-00-00000-00-0000,1 Year Subscription 6/30/19 to 6/30/20,,,
University 148,,5/15/2019,000188,"$5,250.00",3 Years,4700-0-00-00000-00-0000,3 Years Subscription 5/31/19 to 5/31/22,,,
University 149,,5/15/2019,000186,"$1,000.00",1 Year,4700-0-00-00000-00-0000,1 Year Subscription 5/13/19 to 5/31/19,,,
University 150,,5/15/2019,000187,"$8,425.00",3 Years,4700-0-00-00000-00-0000,3 Years Subscription 5/15/19 to 5/31/22,,,
University 105,,5/15/2019,000185,$750.00,1 Year,4700-0-00-00000-00-0000,1 Year Subscription 6/30/19 to 6/30/20,,,
University 151,,5/16/2019,000189,"$3,850.00",3 Years,4700-0-00-00000-00-0000,3 Years Subscription 5/15/19 to 5/31/22,,,
University 30,,5/21/2019,000190,"$1,000.00",1 Year,4700-0-00-00000-00-0000,1 Year Subscription 6/30/19 to 6/30/20,,,
University 152,,5/23/2019,000191,"$6,450.00",3 Years,4700-0-00-00000-00-0000,3 Years Subscription 5/22/19 to5/31/22,,,
University 39,,5/24/2019,000192,"$2,500.00",1 Year,4700-0-00-00000-00-0000,1 Year Subscription 6/1/19 to 5/31/20,,,
University 148,,5/29/2019,000193,"$2,000.00",3 Years,4700-0-00-00000-00-0000,3 Years Subscription 5/31/19 to 5/31/22,,,
University 114,,5/29/2019,000194,"$3,000.00",1 Year,4700-0-00-00000-00-0000,1 Year Subscription 5/31/19 to 5/31/20,,,
University 153,,6/4/2019,000195,"$1,950.00",1 Year,4700-0-00-00000-00-0000,1 Year Subscription 6/3/19 to 5/31/20,,,
University 154,,6/20/2019,000196,"$4,500.00",3 Years,4700-0-00-00000-00-0000,3 Years Subscription 6/19/19 to 6/30/22,,,
University 155,,6/24/2019,000197,"$3,600.00",3 Years,4700-0-00-00000-00-0000,3 Years Subscription 6/24/19 to 6/30/22,,,
University 20,,6/25/2019,000198,"$7,350.00",3 Years,4700-0-00-00000-00-0000,3 Years Subscription 5/31/19 to 5/31/22,,,
University 156,,6/25/2019,000199,"$2,180.00",1 Year,4700-0-00-00000-00-0000,1 Year Subscription 6/25/19 to 6/30/20,,,
University 31,,7/1/2019,000200,"$4,500.00",1 Year,4700-0-00-00000-00-0000,1 Year Subscription 7/31/19 to 7/31/20,,,
University 157,,7/1/2019,000201,"$1,000.00",1 Year,4700-0-00-00000-00-0000,1 Year Subscription 6/30/19 to 6/30/20,,,
University 158,,7/1/2019,000202,"$2,500.00",1 Year,4700-0-00-00000-00-0000,1 Year Subscription 8/1/19 to 7/31/20,,,
University 159,,7/2/2019,000203,$170.00,1 Year,4700-0-00-00000-00-0000,1 Year Subscription 10/1/18 to 09/30/19,,,
University 68,,7/8/2019,000204,"$2,000.00",1 Year,4700-0-00-00000-00-0000,1 Year Subscription 8/1/19 to 7/31/20,,,
University 42,,7/8/2019,000205,"$20,000.00",1 Year,4700-0-00-00000-00-0000,1 Year Subscription 6/12/19 to 6/12/20,,,
University 160,,7/20/2019,000206,"$1,000.00",1 Year,4700-0-00-00000-00-0000,1 Year Subscription 7/17/19 to 7/31/20,,,
University 121,,7/24/2019,000208,"$3,260.00",1 Year,4700-0-00-00000-00-0000,1 Year Subscription 8/31/19 to 8/31/20,,,
University 38,,8/9/2019,000209,$750.00,1 Year,4700-0-00-00000-00-0000,1 Year Subscription 8/31/19 to 8/31/20,,,
University 128,,8/20/2019,000210,"$2,000.00",1 Year,4700-0-00-00000-00-0000,1 Year Subscription 8/31/19 to 8/31/20,,,
University 129,,8/23/2019,000211,"$2,500.00",1 Year,4700-0-00-00000-00-0000,1 Year Subscription 8/31/19 to 8/31/20,,,
University 161,,9/4/2019,000213,"$1,550.00",1 Year,4700-0-00-00000-00-0000,1 Year Subscription 9/3/19 to 8/31/20,,,
University 162,,9/4/2019,000214,"$2,710.00",3 Years,4700-0-00-00000-00-0000,3 Years Subscription 9/3/19 to 8/31/22,,,
University 127,,9/9/2019,000215,"$3,500.00",1 Year,4700-0-00-00000-00-0000,1 Year Subscription 9/6/19 to 8/31/20,,,
University 163,,9/9/2019,000216,"$1,500.00",1 Year,4700-0-00-00000-00-0000,1 Year Subscription 10/1/19 to 12/31/20,,,
University 110,,9/12/2019,000217,"$1,200.00",1 Year,4700-0-00-00000-00-0000,1 Year Subscription 8/31/19 to 8/31/20,,,
University 82,,9/20/2019,000220,"$1,200.00",1 Year,4700-0-00-00000-00-0000,1 Year Subscription 9/30/19 to 9/30/20,,,
University 164,,9/20/2019,000221,"$1,880.00",1 Year,4700-0-00-00000-00-0000,1 Year Subscription 9/19/19 to 9/30/20,,,
University 13,,9/23/2019,000222,"$1,000.00",1 Year,4700-0-00-00000-00-0000,1 Year Subscription 9/20/19 to 9/30/20,,,
University 165,,9/24/2019,000223,$510.00,1 Year,4700-0-00-00000-00-0000,1 Year Subscription 8/31/19 to 8/31/20,,,
University 132,,9/25/2019,000224,"$1,500.00",1 Year,4700-0-00-00000-00-0000,1 Year Subscription 9/30/19 to 9/30/20,,,
University 19,,9/26/2019,000225,$750.00,1 Year,4700-0-00-00000-00-0000,1 Year Subscription 9/30/19 to 9/30/20,,,
University 75,,10/1/2019,000227,"$6,000.00",1 Year,4700-0-00-00000-00-0000,1 Year Subscription 7/31/19 to 7/31/20,,,
University 166,,10/1/2019,000226,"$1,500.00",1 Year,4700-0-00-00000-00-0000,1 Year Subscription 8/31/19 to 8/31/20,,,
University 49,,10/2/2019,000228,"$1,500.00",1 Year,4700-0-00-00000-00-0000,1 Year Subscription 11/30/19 to 11/30/20,,,
University 167,,10/11/2019,000229,"$15,000.00",1 Year,4700-0-00-00000-00-0000,1 Year Subscription 9/29/19 to 9/29/22,,,
University 167,,10/17/2019,000230,"$30,000.00",3 Years,4700-0-00-00000-00-0000,3 Years Subscription 9/29/19 to 9/29/22 2nd inv to reflect adjustment,,,
University 42,,10/21/2019,000231,"$16,000.00",2 Years,4700-0-00-00000-00-0000,2 Years renewal Subscription 6/12/20 to 6/12/21,,,
University 133,,10/22/2019,000232,"$1,000.00",1 Year,4700-0-00-00000-00-0000,1 Year Subscription 10/31/19 to 10/31/20,,,
University 159,,11/1/2019,000234,$860.00,1 Year,4700-0-00-00000-00-0000,1 Year Subscription 11/1/19 to 10/31/20,,,
University 168,,11/1/2019,000233,"$2,000.00",1 Year,4700-0-00-00000-00-0000,1 Year Subscription 11/1/19 to 10/31/20,,,
University 169,,11/1/2019,000235,$130.00,1 Year,4700-0-00-00000-00-0000,1 Year Subscription 11/1/19 to 10/31/20,,,
University 138,,11/5/2019,000236,"$1,250.00",1 Year,4700-0-00-00000-00-0000,1 Year Subscription 11/30/19 to 11/30/20,,,
University 170,,11/13/2019,000237,"$1,650.00",1 Year,4700-0-00-00000-00-0000,1 Year Subscription 11/12/19 to 11/30/20,,,
University 171,,11/18/2019,000240,"$1,250.00",1 Year,4700-0-00-00000-00-0000,1 Year Subscription 12/31/19 to 12/31/20,,,
University 152,,11/18/2019,000241,$200.00,3 Years,4700-0-00-00000-00-0000,3 Years Subscription 5/22/19 to 5/31/22 additional users adj,,,
University 172,,11/18/2019,000212,$500.00,1 Year,4700-0-00-00000-00-0000,1 Year Subscription 8/31/19 to 8/31/20,,,
University 72,,11/19/2019,000243,"$2,500.00",1 Year,4700-0-00-00000-00-0000,1 Year Subscription 12/1/19 to 11/30/19,,,
University 173,,11/20/2019,000244,$250.00,1 Year,4700-0-00-00000-00-0000,1 Year Subscription 11/30/19 to 11/30/20,,,
University 174,,12/12/2019,000247,"$1,100.00",1 Year,4700-0-00-00000-00-0000,1 Year Subscription 11/30/19 to 11/30/20,,,
University 175,,12/12/2019,000246,$600.00,1 Year,4700-0-00-00000-00-0000,1 Year Subscription 12/3/19 to 12/31/20,,,
University 152,,12/12/2019,000245,$250.00,3 Years,4700-0-00-00000-00-0000,3 Years Subscription 5/22/19 to 5/31/22 additional users,,,
University 93,,12/16/2019,000248,"$2,500.00",1 Year,4700-0-00-00000-00-0000,1 Year Subscription 12/31/19 to 12/31/20,,,
University 176,,1/13/2020,000249,"$2,300.00",3 Years,4700-0-00-00000-00-0000,3 Years Subscription 7/31/2020 to 7/31/2023,,,
University 177,,1/13/2020,000250,"$3,000.00",1 Year,4700-0-00-00000-00-0000,1 Year Subscription 1/31/2020 to 1/31/2021,,,
University 9,,1/13/2020,000251,"$2,350.00",1 Year,4700-0-00-00000-00-0000,1 Year Subscription 1/31/2020 to 1/31/2021,,,
University 95,,1/14/2020,000252,"$1,000.00",1 Year,4700-0-00-00000-00-0000,1 Year Subscription 1/31/2020 to 1/31/2021,,,
University 159,,1/14/2020,000253,$250.00,1 Year,4700-0-00-00000-00-0000,1 Year Subscription 11/1/2019 to 10/31/2020,,,
University 51,,1/27/2020,000254,$750.00,1 Year,4700-0-00-00000-00-0000,1 Year Subscription 1/31/2020 to 1/31/2021,,,
University 10,,1/27/2020,000255,$500.00,3 Years,4700-0-00-00000-00-0000,3 Years Subscription 1/31/2019 to 1/31/2022,,,
University 99,,1/28/2020,,"$1,250.00",1 Year,4700-0-00-00000-00-0000,1 Year Subscription 2/29/2020 to 2/28/2020,,,
University 178,,2/26/2020,NB022620-01,$450.00,3 Years,4700-0-00-00000-00-0000,3 Years Subscription 5/22/2019 to 5/31/2022,,,
University 179,,3/3/2020,NB030320,"$1,600.00",1 Year,4700-0-00-00000-00-0000,1 Year Subscription 3/2/2020 to 02/28/2021,,,
University 16,,3/5/2020,NB030520,$750.00,1 Year,4700-0-00-00000-00-0000,1 Year Subscription 4/30/2020 to 4/30/2021,"1120 15th St, Augusta, GA 30912",33.470787,-81.98959
University 180,,3/6/2020,NB030620,"$1,730.00",1 Year,4700-0-00-00000-00-0000,1 Year Subscription 3/2/2020 to 3/1/2021,,,
University 169,,3/10/2020,NB031020,$310.00,3 Years,4700-0-00-00000-00-0000,3 Years Subscription 5/15/2019 to 05/31/2022,,,
University 181,,3/12/2020,NB031220,"$6,000.00",3 Years,4700-0-00-00000-00-0000,3 Years Subscription 5/1/2020 to 05/01/2023,,,
University 182,,3/17/2020,NB031720,"$1,750.00",1 Year,4700-0-00-00000-00-0000,1 Year Subscription 8/1/2019 to 8/31/2020,,,
University 183,,3/17/2020,NB031720A,"$1,000.00",1 Year,4700-0-00-00000-00-0000,1 Year Subscription 3/17/2020 to 3/31/2021,,,
University 184,,3/18/2020,NB031820,"$3,500.00",1 Year,4700-0-00-00000-00-0000,1 Year Subscription 3/20/2020 to 3/31/2021,,,
University 185,,3/18/2020,NB031820A,$412.00,3 Months,4700-0-00-00000-00-0000,3 Months Subscription 3/17/2020 to 6/30/2020,,,
University 186,,3/20/2020,NB032020,"$2,875.00",3 Months,4700-0-00-00000-00-0000,3 Months Subscription 3/10/2020 to 6/30/2020,,,
University 187,,3/20/2020,NB032020A,$875.00,3 Months,4700-0-00-00000-00-0000,3 Months Subscription 3/19/2020 to 6/30/2020,,,
University 13,,3/20/2020,NB032020B,$875.00,3 Months,4700-0-00-00000-00-0000,3 Months Subscription 3/19/2020 to 6/30/2020,,,
University 16,,3/20/2020,NB032020C,"$1,125.00",3 Months,4700-0-00-00000-00-0000,3 Months Subscription 3/19/2020 to 6/30/2020,"1120 15th St, Augusta, GA 30912",33.470787,-81.98959
University 36,,3/20/2020,NB032020D,"$1,000.00",1 Year,4700-0-00-00000-00-0000,1 Year Subscription 1/31/2020 to 1/31/2021,,,
University 188,,3/20/2020,NB032020E,"$7,500.00",1 Year,4700-0-00-00000-00-0000,1 Year Subscription 3/20/2020 to 3/31/2021,,,
University 189,,3/23/2020,NB032320,$563.00,3 Months,4700-0-00-00000-00-0000,3 Months Subscription 3/23/2020 to 6/30/2020,,,
University 190,,3/23/2020,NB032320A,"$3,922.00",3 Months,4700-0-00-00000-00-0000,3 Months Subscription 3/20/2020 to 6/30/2020,,,
University 70,,3/23/2020,NB032320B,$438.00,3 Months,4700-0-00-00000-00-0000,3 Months Subscription 3/23/2020 to 6/30/2020,,,
University 191,,3/24/2020,NB032420,"$2,125.00",3 Months,4700-0-00-00000-00-0000,3 Months Subscription 3/23/2020 to 6/30/2020,,,
University 192,,3/25/2020,NB032520,"$1,000.00",1 Year,4700-0-00-00000-00-0000,1 Year Subscription 3/19/2020 to 3/31/2021,,,
University 193,,3/25/2020,NB032520A,$625.00,3 Months,4700-0-00-00000-00-0000,3 Months Subscription 3/25/2020 to 6/30/2020,,,
University 194,,3/25/2020,NB032520B,$516.00,3 Months,4700-0-00-00000-00-0000,3 Months Subscription 3/23/2020 to 6/30/2020,,,
University 146,,3/25/2020,NB032520C,$625.00,3 Months,4700-0-00-00000-00-0000,3 Months Subscription 3/23/2020 to 6/30/2020,,,
University 195,,3/25/2020,NB032520D,$587.00,3 Months,4700-0-00-00000-00-0000,3 Months Subscription 3/24/2020 to 6/30/2020,,,
University 72,,3/25/2020,NB032520E,$250.00,3 Months,4700-0-00-00000-00-0000,3 Months Subscription 3/24/2020 to 6/30/2020,,,
University 196,,3/25/2020,NB032520F,"$5,500.00",3 Months,4700-0-00-00000-00-0000,3 Months Subscription 3/25/2020 to 6/30/2020,,,
University 197,,3/25/2020,NB032520G,"$13,920.00",3 Months,4700-0-00-00000-00-0000,3 Months Subscription 3/25/2020 to 6/30/2020,,,
University 198,,3/26/2020,NB032620,"$4,830.00",3 Years,4700-0-00-00000-00-0000,3 Years Subscription 3/24/2020 to 3/31/2023,,,
University 199,,3/26/2020,NB032620A,"$2,500.00",1 Year,4700-0-00-00000-00-0000,1 Year Subscription 3/25/2020 to 3/31/2021,,,
University 200,,3/26/2020,NB032620B,$250.00,3 Months,4700-0-00-00000-00-0000,3 Months Subscription 3/25/2020 to 6/30/2020,,,
University 201,,3/26/2020,NB032620C,$687.00,3 Months,4700-0-00-00000-00-0000,3 Months Subscription 3/25/2020 to 6/30/2020,,,
University 202,,3/26/2020,NB032620D,$625.00,3 Months,4700-0-00-00000-00-0000,3 Months Subscription 3/26/2020 to 6/30/2020,,,
University 203,,3/27/2020,NB032720,"$1,375.00",3 Months,4700-0-00-00000-00-0000,3 Months Subscription 3/20/2020 to 6/30/2020,,,
University 204,,3/27/2020,NB032720A,$455.00,3 Months,4700-0-00-00000-00-0000,3 Months Subscription 3/25/2020 to 6/30/2020,,,
University 205,,3/30/2020,NB033020,$807.00,3 Months,4700-0-00-00000-00-0000,3 Months Subscription 3/27/2020 to 6/30/2020,,,
University 206,,3/30/2020,NB033020A,$425.00,3 Months,4700-0-00-00000-00-0000,3 Months Subscription 3/30/2020 to 6/30/2020,,,
University 99,,3/30/2020,NB033020B,"$1,625.00",3 Months,4700-0-00-00000-00-0000,3 Months Subscription 3/30/2020 to 6/30/2020,,,
University 207,,3/30/2020,NB033020C,"$1,825.00",3 Months,4700-0-00-00000-00-0000,3 Months Subscription 3/30/2020 to 6/30/2020,,,
University 198,,3/31/2020,NB033120,$100.00,3 Years,4700-0-00-00000-00-0000,3 Years Subscription 3/24/2020 to 3/31/2023,,,
University 208,,3/31/2020,NB033120A,"$1,666.00",6 Months,4700-0-00-00000-00-0000,6 Months Subscription 3/27/2020 to 8/31/2020,,,
University 209,,4/1/2020,NB040120,"$1,625.00",3 Months,4700-0-00-00000-00-0000,3 Months Subscription 3/31/2020 to 6/30/2020,,,
University 210,,4/1/2020,NB040120A,$750.00,3 Months,4700-0-00-00000-00-0000,3 Months Subscription 3/27/2020 to 6/30/2020,,,
University 203,,4/2/2020,NB040220,$265.00,3 Months,4700-0-00-00000-00-0000,3 Months Subscription 3/20/2020 to 6/30/2020,,,
University 117,,4/2/2020,NB040220A,$62.50,3 Months,4700-0-00-00000-00-0000,3 Months Subscription 4/1/2020 to 6/30/2020,,,
University 169,,4/2/2020,NB040220B,$132.50,3 Months,4700-0-00-00000-00-0000,3 Months Subscription 3/24/2020 to 6/30/2020,,,
University 211,,4/2/2020,NB040220C,$625.00,3 Months,4700-0-00-00000-00-0000,3 Months Subscription 4/2/2020 to 6/30/2020,,,
University 212,,4/2/2020,NB040220D,$875.00,3 Months,4700-0-00-00000-00-0000,3 Months Subscription 4/2/2020 to 6/30/2020,,,
University 213,,4/3/2020,NB040320,$500.00,3 Months,4700-0-00-00000-00-0000,3 Months Subscription 4/1/2020 to 6/30/2020,,,
University 148,,4/6/2020,NB040320,"$3,000.00",3 Years,4700-0-00-00000-00-0000,3 Years Subscription 5/31/2019 to 05/31/2022,,,
University 214,,4/7/2020,NB040720,$875.00,3 Months,4700-0-00-00000-00-0000,3 Months Subscription 4/6/2020 to 6/30/2020,,,
University 215,,4/7/2020,NB040720A,"$1,375.00",3 Months,4700-0-00-00000-00-0000,3 Months Subscription 4/1/2020 to 6/30/2020,,,
University 216,,4/7/2020,NB040720B,"$1,900.00",1 Year,4700-0-00-00000-00-0000,1 Year Subscription 4/1/2020 to 5/31/2021,,,
University 217,,4/8/2020,NB040820,"$50,000.00",1 Year,4700-0-00-00000-00-0000,1 Year Subscription 10/1/2020 to 9/30/2021,,,
University 185,,4/8/2020,NB040820A,$130.00,3 Months,4700-0-00-00000-00-0000,3 Months Subscription 3/17/2020 to 6/30/2020,,,
University 153,,4/8/2020,NB040820B,"$1,900.00",1 Year,4700-0-00-00000-00-0000,1 Year Subscription 5/31/2020 to 5/31/2021,,,
University 153,,4/9/2020,NB040920,"$2,100.00",1 Year,4700-0-00-00000-00-0000,1 Year Subscription 4/9/2020 to 3/31/2021,,,
University 218,,3/24//2016,AJ515,$750.00,1 Year,4700-0-00-00000-00-0000,1 Year Subscription 3/22/16 to 3/31/17,,,
University 219,,3/24//2016,AJ515,"$3,500.00",1 Year,4700-0-00-00000-00-0000,1 Year Subscription 3/22/16 to 3/31/17,,,
University 220,,3/24//2016,AJ515,"$4,200.00",1 Year,4700-0-00-00000-00-0000,1 Year Subscription 3/22/16 to 3/31/17,,,
University 221,,3/24//2016,AJ515,"$4,600.00",1 Year,4700-0-00-00000-00-0000,1 Year Subscription 3/22/16 to 3/31/17,,,
University 222,,4/9/2020,NB040920B,$625.00,3 Months,4700-0-00-00000-00-0000,3 Months Subscription 4/8/2020 to 6/30/2020,,,
University 223,,4/9/2020,NB040920C,"$3,810.00",3 Years,4700-0-00-00000-00-0000,3 Years Subscription 4/8/2020 to 03/31/2023,,,
University 224,,4/9/2020,NB040920D,$625.00,3 Months,4700-0-00-00000-00-0000,3 Months Subscription 4/6/2020 to 7/7/2020,,,
University 225,,4/9/2020,NB040920E,"$5,500.00",1 Year,4700-0-00-00000-00-0000,1 Year Subscription 4/8/2020 to 3/31/2021,,,
University 226,,4/15/2020,NB041520,$625.00,3 Months,4700-0-00-00000-00-0000,3 Months Subscription 4/10/2020 to 7/10/2020,,,
University 227,,4/15/2020,NB041520A,$250.00,3 Months,4700-0-00-00000-00-0000,3 Months Subscription 4/9/2020 to 7/9/2020,,,
University 228,,4/15/2020,NB041520B,$150.00,3 Months,4700-0-00-00000-00-0000,3 Months Subscription 3/25/2020 to 6/30/2020,,,
University 163,,4/15/2020,NB041520C,$547.43,1 Year,4700-0-00-00000-00-0000,1 Year Subscription 10/1/2019 to 12/31/2020,,,
University 229,,4/15/2020,NB041520D,"$1,700.00",1 Year,4700-0-00-00000-00-0000,1 Year Subscription 3/26/2020 to 3/31/2021,,,
University 230,,4/15/2020,NB041520F,$450.00,3 Months,4700-0-00-00000-00-0000,3 Months Subscription 4/13/2020 to 7/13/2020,,,
University 231,,4/15/2020,NB041520G,$500.00,3 Months,4700-0-00-00000-00-0000,3 Months Subscription 4/8/2020 to 6/30/2020,,,
University 3,,4/15/2020,NB041520H,$875.00,3 Months,4700-0-00-00000-00-0000,3 Months Subscription 3/23/2020 to 6/30/2020,,,
University 226,,4/15/2020,NB041520I,$225.00,3 Months,4700-0-00-00000-00-0000,3 Months Subscription 4/10/2020 to 7/10/2020,,,
University 232,,4/17/2020,NB041720,$875.00,3 Months,4700-0-00-00000-00-0000,3 Months Subscription 4/10/2020 to 7/10/2020,,,
University 233,,4/17/2020,NB041720A,"$3,500.00",1 Year,4700-0-00-00000-00-0000,1 Year Subscription 4/15/2020 to 4/31/2021,,,
University 112,,4/20/2020,NB042020,"$1,600.00",1 Year,4700-0-00-00000-00-0000,1 Year Subscription 4/30/2020 to 4/30/2021,,,
University 42,,4/21/2020,NB042120,"$16,000.00",1 Year,4700-0-00-00000-00-0000,1 Year Subscription 6/12/2020 to 6/12/2021,,,
University 234,,4/21/2020,NB042120A,"$5,250.00",1 Year,4700-0-00-00000-00-0000,1 Year Subscription 4/30/2020 to 4/30/2021,,,
University 235,,4/22/2020,NB042220,$527.00,3 Months,4700-0-00-00000-00-0000,3 Months Subscription 4/17/2020 to 7/17/2020,,,
University 236,,4/23/2020,NB042320,"$1,000.00",3 Months,4700-0-00-00000-00-0000,3 Months Subscription 4/22/2020 to 7/22/2020,,,
University 237,,4/23/2020,NB042320A,$500.00,3 Months,4700-0-00-00000-00-0000,3 Months Subscription 4/21/2020 to 7/21/2020,,,
University 36,,4/23/2020,NB042320B,"$2,000.00",1 Year,4700-0-00-00000-00-0000,1 Year Subscription 1/21/2020 to 1/31/2021 (2 Years),,,
University 238,,4/23/2020,NB042320C,$625.00,3 Months,4700-0-00-00000-00-0000,3 Months Subscription 4/22/2020 to 7/22/2020,,,
University 239,,4/27/2020,NB042720,"$2,500.00",1 Year,4700-0-00-00000-00-0000,1 Year Subscription 4/23/2020 to 4/30/2021,,,
University 189,,4/27/2020,NB042720A,"$2,700.00",1 Year,4700-0-00-00000-00-0000,1 Year Subscription 6/1/2020 to 5/31/2021,,,
University 240,,4/29/2020,NB042920,"$21,500.00",1 Year,4700-0-00-00000-00-0000,1 Year Subscription 5/5/2020 to 5/5/2021,,,
University 157,,4/30/2020,NB043020,"$1,000.00",1 Year,4700-0-00-00000-00-0000,1 Year Subscription 6/30/2020 to 6/30/2021,,,
University 159,,5/1/2020,NB050120,$476.00,1 Year,4700-0-00-00000-00-0000,1 Year Subscription 11/1/2019 to 10/31/2020,,,
University 225,,5/1/2020,NB050120A,"$2,059.00",1 Year,4700-0-00-00000-00-0000,1 Year Subscription 4/8/2020 to 3/31/2021,,,
University 241,,5/1/2020,NB050120B,"$2,500.00",1 Year,4700-0-00-00000-00-0000,1 Year Subscription 5/4/2020 to 4/30/2021,,,
University 231,,5/6/2020,NB050620,$500.00,3 Months,4700-0-00-00000-00-0000,3 Months Subscription 4/8/2020 to 6/30/2020,,,
University 242,,5/6/2020,NB050620A,"$10,500.00",3 Years,4700-0-00-00000-00-0000,3 Years Subscription 4/20/2020 to 04/30/2023,,,
University 243,,6/7/2020,NB050720,"$2,882.00",1 Year,4700-0-00-00000-00-0000,1 Year Subscription 5/4/2020 to 4/30/2021,,,
University 38,,5/11/2020,NB051120,"$6,000.00",3 Years,4700-0-00-00000-00-0000,3 Years Subscription 8/31/2020 to 08/31/2023,,,
University 244,,5/12/2020,NB051220,"$1,000.00",1 Year,4700-0-00-00000-00-0000,1 Year Subscription 5/15/2020 to 05/31/2021,,,
University 245,,5/13/2020,NB051320,"$1,900.00",1 Year,4700-0-00-00000-00-0000,1 Year Subscription 5/18/2020 to 05/31/2021,,,
University 246,,5/13/2020,NB051320A,"$3,000.00",1 Year,4700-0-00-00000-00-0000,1 Year Subscription 5/4/2020 to 04/30/2021,,,
University 160,,5/18/2020,NB051820,"$2,000.00",1 Year,4700-0-00-00000-00-0000,1 Year Subscription 5/20/2020 to 07/31/2021,,,
University 105,,5/19/2020,NB051920,$750.00,1 Year,4700-0-00-00000-00-0000,1 Year Subscription 6/30/2020 to 06/30/2021,,,
University 39,,5/21/2020,NB052120,"$2,500.00",1 Year,4700-0-00-00000-00-0000,1 Year Subscription 6/1/2020 to 05/31/2021,,,
University 2,,5/22/2020,NB052220,"$1,000.00",1 Year,4700-0-00-00000-00-0000,1 Year Subscription 6/30/2020 to 06/30/2021,,,
University 68,,5/29/2020,NB052920,"$2,000.00",1 Year,4700-0-00-00000-00-0000,1 Year Subscription 7/31/2020 to 07/31/2021,,,
University 247,,6/1/2020,NB060120,"$4,800.00",3 Years,4700-0-00-00000-00-0000,3 Years Subscription 6/1/2020 to 05/31/2023,,,
University 156,,6/1/2020,NB060120A,"$1,800.00",1 Year,4700-0-00-00000-00-0000,1 Year Subscription 6/30/2020 to 06/30/2021,,,
University 85,,6/2/2020,NB060220,"$2,250.00",3 Months,4700-0-00-00000-00-0000,3 Months Subscription 7/1/2020 to 09/30/2020,,,
University 212,,6/2/2020,NB060220A,$875.00,3 Months,4700-0-00-00000-00-0000,3 Months Subscription 7/1/2020 to 09/30/2020,,,
University 248,,6/2/2020,NB060220B,$375.00,3 Months,4700-0-00-00000-00-0000,3 Months Subscription 9/15/2020 to 12/15/2020,,,
University 75,,6/3/2020,NB060320,"$7,500.00",1 Year,4700-0-00-00000-00-0000,1 Year Subscription 7/31/2020 to 07/31/2021,,,
University 249,,6/4/2020,NB060420,"$4,500.00",1 Year,4700-0-00-00000-00-0000,1 Year Subscription 7/31/2020 to 07/31/2021,,,
University 250,,6/4/2020,NB060420A,"$7,500.00",3 Years,4700-0-00-00000-00-0000,3 Years Subscription 5/31/2020 to 05/32/2023,,,
University 251,,6/8/2020,NB060820,"$1,158.00",3 Months,4700-0-00-00000-00-0000,3 Months Subscription 7/1/2020 to 09/30/2020,,,
University 186,,6/11/2020,NB061120,"$12,500.00",1 Year,4700-0-00-00000-00-0000,1 Year Subscription 7/1/2020 to 06/30/2021,,,
University 186,,6/11/2020,NB061120A,"$3,344.25",1 Year,4700-0-00-00000-00-0000,1 Year Subscription 7/1/2020 to 06/30/2021,,,
University 252,,6/11/2020,NB061120B,"$5,252.00",3 Years,4700-0-00-00000-00-0000,3 Years Subscription 7/1/2020 to 06/30/2023,,,
University 253,,6/12/2020,NB061220,"$2,000.00",1 Year,4700-0-00-00000-00-0000,1 Year Subscription 6/15/2020 to 06/30/2021,,,
University 254,,6/15/2020,NB061520,"$1,800.00",1 Year,4700-0-00-00000-00-0000,1 Year Subscription 7/31/2020 to 07/31/2021,,,
University 255,,6/16/2020,NB061620,"$3,000.00",1 Year,4700-0-00-00000-00-0000,1 Year Subscription 6/16/2020 to 06/30/2021,,,
University 256,,6/16/2020,NB061620A,"$5,500.00",3 Years,4700-0-00-00000-00-0000,3 Years Subscription 11/2/2020 to 11/30/2023,,,
University 257,,6/16/2020,NB061620B,$625.00,3 Months,4700-0-00-00000-00-0000,3 Months Subscription 8/17/2020 to 11/17/2020,,,
University 114,,6/16/2020,NB061620C,"$4,500.00",1 Year,4700-0-00-00000-00-0000,1 Year Subscription 5/31/2020 to 05/31/2021,,,
University 258,,6/16/2020,NB061620D,"$1,000.00",1 Year,4700-0-00-00000-00-0000,1 Year Subscription 7/1/2020 to 06/30/2021,,,
University 135,,6/17/2020,NB061720,$500.00,1 Year,4700-0-00-00000-00-0000,1 Year Subscription 12/31/2019 to 12/31/2020,,,
University 259,,6/18/2020,NB061820,$160.00,3 Months,4700-0-00-00000-00-0000,3 Months Subscription 6/18/2020 to 9/18/2020,,,
University 260,,6/22/2020,NB062220,"$1,029.00",1 Year,4700-0-00-00000-00-0000,1 Year Subscription 6/22/2020 to 6/30/2021,,,
University 261,,6/22/2020,NB062220A,"$4,500.00",1 Year,4700-0-00-00000-00-0000,1 Year Subscription 7/1/2020 to 6/30/2021,,,
University 262,,6/23/2020,NB062320,"$3,500.00",1 Year,4700-0-00-00000-00-0000,1 Year Subscription 7/1/2020 to 6/30/2021,,,
University 263,,6/24/2020,NB062420,"$3,000.00",1 Year,4700-0-00-00000-00-0000,1 Year Subscription 8/1/2020 to 7/31/2021,,,
University 264,,6/25/2020,NB062520,$540.33,3 Months,4700-0-00-00000-00-0000,3 Months Subscription 9/1/2020 to 12/1/2020,,,
University 265,,6/25/2020,NB062520A,"$2,500.00",1 Year,4700-0-00-00000-00-0000,1 Year Subscription 8/15/2020 to 8/31/2021,,,
University 266,,6/25/2020,NB062520B,"$6,500.00",1 Year,4700-0-00-00000-00-0000,1 Year Subscription 8/4/2020 to 7/31/2021,,,
University 191,,6/26/2020,NB062620,"$2,500.00",3 Months,4700-0-00-00000-00-0000,3 Months Subscription 7/1/2020 to 12/31/2020,,,
University 225,,6/26/2020,NB062620A,"$2,058.80",1 Year,4700-0-00-00000-00-0000,1 Year Subscription 4/8/2020 to 3/31/2021,,,
University 185,,6/29/2020,NB062920,"$1,600.00",1 Year,4700-0-00-00000-00-0000,1 Year Subscription 7/1/2020 to 6/30/2021,,,
University 204,,6/29/2020,NB062920A,"$2,500.00",6 Months,4700-0-00-00000-00-0000,6 Months Subscription 7/1/2020 to 12/31/2020,,,
University 70,,6/30/2020,NB063020,"$4,500.00",1 Year,4700-0-00-00000-00-0000,1 Year Subscription 6/30/2020 to 6/30/2021,,,
University 203,,7/1/2020,NB070120,"$1,000.00",6 Months,4700-0-00-00000-00-0000,6 Months Subscription 7/1/2020 to 12/31/2020,,,
University 215,,7/2/2020,NB070220,"$2,750.00",6 Months,4700-0-00-00000-00-0000,6 Months Subscription 7/1/2020 to 12/31/2020,,,
University 267,,7/8/2020,NB070820,"$2,650.00",1 Year,4700-0-00-00000-00-0000,1 Year Subscription 8/1/2020 to 7/31/2021,,,
University 226,,7/8/2020,NB070820A,"$1,700.00",6 Months,4700-0-00-00000-00-0000,6 Months Subscription 7/1/2020 to 12/31/2020,,,
University 3,,7/8/2020,NB070820B,"$3,500.00",1 Year,4700-0-00-00000-00-0000,1 Year Subscription 7/7/2020 to 6/30/2021,,,
University 268,,7/8/2020,NB070820C,$525.00,3 Months,4700-0-00-00000-00-0000,3 Months Subscription 8/24/2020 to 11/30/2020,,,
University 269,,7/9/2020,NB070920,"$1,000.00",6 Months,4700-0-00-00000-00-0000,6 Months Subscription 7/21/2020 to 12/31/2020,,,
University 270,,7/10/2020,NB071020,"$2,250.00",1 Year,4700-0-00-00000-00-0000,1 Year Subscription 7/10/2020 to 6/30/2021,,,
University 211,,7/14/2020,NB071420,"$2,500.00",1 Year,4700-0-00-00000-00-0000,1 Year Subscription 7/13/2020 to 6/30/2021,,,
University 271,,7/14/2020,NB071420A,"$1,850.00",1 Year,4700-0-00-00000-00-0000,1 Year Subscription 7/15/2020 to 7/14/2021,,,
University 272,,7/15/2020,NB071520,"$1,920.00",1 Year,4700-0-00-00000-00-0000,1 Year Subscription 7/15/2020 to 7/31/2021,,,
University 16,,7/15/2020,NB071520A,"$3,000.00",1 Year,4700-0-00-00000-00-0000,1 Year Subscription 4/30/2020 to 4/30/2021,"1120 15th St, Augusta, GA 30912",33.470787,-81.98959
University 273,,7/15/2020,NB071520B,"$2,500.00",1 Year,4700-0-00-00000-00-0000,1 Year Subscription 7/1/2020 to 6/30/2021,,,
University 114,,7/16/2020,NB071620,"$2,000.00",1 Year,4700-0-00-00000-00-0000,1 Year Subscription 5/31/2020 to 5/31/2021,,,
University 222,,7/16/2020,NB071620A,"$2,200.00",1 Year,4700-0-00-00000-00-0000,1 Year Subscription 8/17/2020 to 8/31/2021,,,
University 274,,7/16/2020,NB071620B,"$2,000.00",1 Year,4700-0-00-00000-00-0000,1 Year Subscription 7/15/2020 to 7/31/2021,,,
University 275,,7/17/2020,NB071720,"$1,650.00",1 Year,4700-0-00-00000-00-0000,1 Year Subscription 8/1/2020 to 7/31/2021,,,
University 276,,7/21/2020,NB072120,$421.00,3 Months,4700-0-00-00000-00-0000,3 Months Subscription 7/16/2020 to 11/30/2020,,,
University 276,,7/21/2020,NB072120A,"$1,200.00",6 Months,4700-0-00-00000-00-0000,6 Months Subscription 8/16/2020 to 1/31/2021,,,
University 277,,7/22/2020,NB072220,$750.00,3 Months,4700-0-00-00000-00-0000,3 Months Subscription 9/1/2020 to 12/1/2020,,,
University 99,,7/23/2020,NB072320,"$1,500.00",1 Year,4700-0-00-00000-00-0000,1 Year Subscription 2/29/2020 to 2/28/2021,,,
University 278,,7/23/2020,NB072320A,"$1,222.00",3 Months,4700-0-00-00000-00-0000,3 Months Subscription 9/1/2020 to 12/8/2020,,,
University 279,,7/23/2020,NB072320B,"$3,500.00",1 Year,4700-0-00-00000-00-0000,1 Year Subscription 8/1/2020 to 7/31/2021,,,
University 57,,7/23/2020,NB072320C,"$4,500.00",3 Years,4700-0-00-00000-00-0000,3 Years Subscription 8/31/2020 to 8/31/2023,,,
University 280,,7/23/2020,NB072320D,"$4,000.00",1 Year,4700-0-00-00000-00-0000,1 Year Subscription 7/24/2020 to 7/31/2021,,,
University 281,,7/27/2020,NB072720,"$7,000.00",1 Year,4700-0-00-00000-00-0000,1 Year Subscription 7/26/2020 to 7/31/2021,,,
University 100,,7/29/2020,NB072920,"$6,500.00",1 Year,4700-0-00-00000-00-0000,1 Year Subscription 5/18/2020 to 5/31/2021,,,
University 282,,7/29/2020,NB072920A,"$2,500.00",1 Year,4700-0-00-00000-00-0000,1 Year Subscription 8/17/2020 to 8/31/2021,,,
University 231,,7/30/2020,NB073020,"$2,000.00",6 Months,4700-0-00-00000-00-0000,6 Months Subscription 7/10/2020 to 1/10/2021,,,
University 235,,7/30/2020,NB073020A,"$2,300.00",1 Year,4700-0-00-00000-00-0000,1 Year Subscription 7/22/2020 to 7/31/2021,,,
University 283,,7/30/2020,NB073020B,"$1,470.00",1 Year,4700-0-00-00000-00-0000,1 Year Subscription 8/8/2020 to 7/31/2021,,,
University 284,,7/30/2020,NB073020C,"$2,500.00",1 Year,4700-0-00-00000-00-0000,1 Year Subscription 8/1/2020 to 7/31/2021,,,
University 285,,7/31/2020,NB073120,$525.00,3 Months,4700-0-00-00000-00-0000,3 Months Subscription 8/12/2020 to 11/20/2020,,,
University 286,,7/31/2020,NB073120A,"$3,000.00",1 Year,4700-0-00-00000-00-0000,1 Year Subscription 9/1/2020 to 8/31/2021,,,
University 287,,7/31/2020,NB073120C,"$2,250.00",1 Year,4700-0-00-00000-00-0000,1 Year Subscription 8/1/2020 to 7/31/2021,,,
University 288,,8/3/2020,NB080320,$425.00,3 Months,4700-0-00-00000-00-0000,3 Months Subscription 8/24/2020 to 11/24/2020,,,
University 289,,8/3/2020,NB080320A,"$2,600.00",1 Year,4700-0-00-00000-00-0000,1 Year Subscription 8/1/2020 to 7/31/2021,,,
University 290,,8/3/2020,NB080320B,"$2,000.00",1 Year,4700-0-00-00000-00-0000,1 Year Subscription 8/1/2020 to 7/31/2021,,,
University 291,,8/3/2020,NB080320C,"$7,560.00",3 Years,4700-0-00-00000-00-0000,3 Years Subscription 8/7/2020 to 7/31/2023,,,
University 292,,8/5/2020,NB080520,"$3,500.00",1 Year,4700-0-00-00000-00-0000,1 Year Subscription 8/1/2020 to 7/31/2021,,,
University 99,,8/5/2020,NB080520A,"$1,500.00",1 Year,4700-0-00-00000-00-0000,1 Year Subscription 8/31/2020 to 8/31/2021,,,
University 293,,8/6/2020,NB080620,"$1,750.00",6 Months,4700-0-00-00000-00-0000,6 Months Subscription 7/21/2020 to 1/21/2021,,,
University 290,,8/6/2020,NB080620A,"$3,700.00",1 Year,4700-0-00-00000-00-0000,1 Year Subscription 8/1/2020 to 7/31/2021,,,
University 149,,8/6/2020,NB080620B,"$1,000.00",6 Months,4700-0-00-00000-00-0000,6 Months Subscription 9/15/2020 to 9/30/2021,,,
University 294,,8/7/2020,NB080720,$550.00,6 Months,4700-0-00-00000-00-0000,6 Months Subscription 9/8/2020 to 12/8/2021,,,
University 158,,8/7/2020,NB080720A,"$2,600.00",1 Year,4700-0-00-00000-00-0000,1 Year Subscription 7/31/2020 to 7/31/2021,,,
University 72,,8/10/2020,NB081020,"$1,150.00",1 Year,4700-0-00-00000-00-0000,1 Year Subscription 12/1/2019 to 11/30/2020,,,
University 295,,8/10/2020,NB081020A,"$2,100.00",1 Year,4700-0-00-00000-00-0000,1 Year Subscription 8/13/2020 to 7/31/2021,,,
University 296,,8/10/2020,NB081020B,"$2,000.00",1 Year,4700-0-00-00000-00-0000,1 Year Subscription 8/7/2020 to 7/31/2021,,,
University 212,,8/10/2020,NB081020C,$875.00,3 Months,4700-0-00-00000-00-0000,3 Months Subscription 9/30/2020 to 12/31/2020,,,
University 297,,8/11/2020,NB081120,$738.01,3 Months,4700-0-00-00000-00-0000,3 Months Subscription 8/17/2020 to 11/17/2020,,,
University 298,,8/11/2020,NB081120A,"$3,500.00",1 Year,4700-0-00-00000-00-0000,1 Year Subscription 8/12/2020 to 7/31/2021,,,
University 285,,8/11/2020,NB081120B,$237.50,3 Months,4700-0-00-00000-00-0000,3 Months Subscription 8/12/2020 to 11/20/2020,,,
University 299,,8/12/2020,NB081220,"$8,500.00",1 Year,4700-0-00-00000-00-0000,1 Year Subscription 8/17/2020 to 8/31/2021,,,
University 300,,8/12/2020,NB081220A,$562.00,3 Months,4700-0-00-00000-00-0000,3 Months Subscription 8/12/2020 to 11/12/2020,,,
University 301,,8/12/2020,NB081220B,"$6,000.00",1 Year,4700-0-00-00000-00-0000,1 Year Subscription 8/10/2020 to 7/31/2021,,,
University 302,,8/12/2020,NB081220C,"$2,600.00",1 Year,4700-0-00-00000-00-0000,1 Year Subscription 8/4/2020 to 7/31/2021,,,
University 99,,8/13/2020,NB081320,"$8,000.00",1 Year,4700-0-00-00000-00-0000,1 Year Subscription 2/29/2020 to 2/28/2021,,,
University 303,,8/13/2020,NB081320A,"$1,800.00",1 Year,4700-0-00-00000-00-0000,1 Year Subscription 8/1/2020 to 7/31/2021,,,
University 304,,8/13/2020,NB081320B,$550.00,3 Months,4700-0-00-00000-00-0000,3 Months Subscription 8/24/2020 to 12/7/2020,,,
University 305,,8/13/2020,NB081320C,"$2,350.00",1 Year,4700-0-00-00000-00-0000,1 Year Subscription 8/13/2020 to 7/31/2021,,,
University 306,,8/13/2020,NB081320D,"$1,375.00",3 Months,4700-0-00-00000-00-0000,3 Months Subscription 9/1/2020 to 12/1/2020,,,
University 307,,8/13/2020,NB081320E,"$11,350.00",1 Year,4700-0-00-00000-00-0000,1 Year Subscription 8/17/2020 to 8/31/2021,,,
University 308,,8/13/2020,NB081320F,$750.00,3 Months,4700-0-00-00000-00-0000,3 Months Subscription 9/1/2020 to 12/1/2020,,,
University 309,,8/13/2020,NB081320G,$750.00,3 Months,4700-0-00-00000-00-0000,3 Months Subscription 9/1/2020 to 11/30/2020,,,
University 310,,8/13/2020,NB081320H,$750.00,3 Months,4700-0-00-00000-00-0000,3 Months Subscription 9/1/2020 to 12/1/2020,,,
University 311,,8/17/2020,NB081720,"$1,610.00",6 Months,4700-0-00-00000-00-0000,6 Months Subscription 19/8/2020 to 19/2/2021,,,
University 312,,8/17/2020,NB081720A,"$2,300.00",1 Year,4700-0-00-00000-00-0000,1 Year Subscription 9/1/2020 to 8/31/2021,,,
University 313,,8/17/2020,NB081720B,"$2,000.00",1 Year,4700-0-00-00000-00-0000,1 Year Subscription 8/24/2020 to 8/31/2021,,,
University 314,,8/17/2020,NB081720C,"$1,500.00",6 Months,4700-0-00-00000-00-0000,6 Months Subscription 17/8/2020 to 2/17/2021,,,
University 315,,8/17/2020,NB081720D,"$2,500.00",1 Year,4700-0-00-00000-00-0000,1 Year Subscription 8/5/2020 to 7/31/2021,,,
University 316,,8/17/2020,NB081720E,"$4,300.00",1 Year,4700-0-00-00000-00-0000,1 Year Subscription 8/24/2020 to 8/31/2021,,,
University 317,,8/17/2020,NB081720F,$450.00,6 Months,4700-0-00-00000-00-0000,6 Months Subscription 9/1/2020 to 1/31/2021,,,
University 202,,8/19/2020,NB081920,"$2,510.00",1 Year,4700-0-00-00000-00-0000,1 Year Subscription 8/18/2020 to 8/31/2021,,,
University 318,,8/19/2020,NB081920A,$575.00,3 Months,4700-0-00-00000-00-0000,3 Months Subscription 9/1/2020 to 12/1/2020,,,
University 77,,8/19/2020,NB081920B,"$12,600.00",3 Years,4700-0-00-00000-00-0000,3 Years Subscription 8/31/2020 to 8/31/2023,,,
University 319,,8/19/2020,NB081920C,"$1,280.00",6 Months,4700-0-00-00000-00-0000,6 Months Subscription 8/19/2020 to 2/19/2021,,,
University 320,,8/19/2020,NB081920D,"$1,680.00",6 Months,4700-0-00-00000-00-0000,6 Months Subscription 8/24/2020 to 2/28/2021,,,
University 321,,8/19/2020,NB081920E,"$1,500.00",6 Months,4700-0-00-00000-00-0000,6 Months Subscription 9/1/2020 to 3/31/2021,,,
University 206,,8/20/2020,NB082020,"$3,030.00",1 Year,4700-0-00-00000-00-0000,1 Year Subscription 8/19/2020 to 8/31/2021,,,
University 146,,8/20/2020,NB082020B,"$1,750.00",6 Months,4700-0-00-00000-00-0000,6 Months Subscription 7/6/2020 to 1/31/2021,,,
University 213,,8/20/2020,NB082020A,"$2,500.00",1 Year,4700-0-00-00000-00-0000,1 Year Subscription 8/17/2020 to 8/31/2021,,,
University 322,,8/20/2020,NB082020C,"$2,500.00",1 Year,4700-0-00-00000-00-0000,1 Year Subscription 8/31/2020 to 8/31/2021,,,
University 323,,8/20/2020,NB082020D,"$3,300.00",1 Year,4700-0-00-00000-00-0000,1 Year Subscription 8/17/2020 to 8/31/2021,,,
University 324,,8/24/2020,NB082420,"$5,000.00",1 Year,4700-0-00-00000-00-0000,1 Year Subscription 8/31/2020 to 8/31/2021,,,
University 325,,8/24/2020,NB082420A,"$4,000.00",1 Year,4700-0-00-00000-00-0000,1 Year Subscription 8/20/2020 to 8/31/2021,,,
University 326,,8/24/2020,NB082420B,$562.00,1 Year,4700-0-00-00000-00-0000,1 Year Subscription 9/14/2020 to 12/14/2020,,,
University 184,,8/24/2020,NB082420D,"$2,500.00",1 Year,4700-0-00-00000-00-0000,1 Year Subscription 3/20/2020 to 3/31/2021,,,
University 327,,8/25/2020,NB082520,$950.00,1 Year,4700-0-00-00000-00-0000,1 Year Subscription 7/15/2020 to 7/31/2021,,,
University 328,,8/25/2020,NB082520A,"$4,500.00",1 Year,4700-0-00-00000-00-0000,1 Year Subscription 8/25/2020 to 8/31/2021,,,
University 72,,8/25/2020,NB082520B,$150.00,1 Year,4700-0-00-00000-00-0000,1 Year Subscription 12/1/2019 to 11/30/2020,,,
University 329,,8/25/2020,NB082520C,"$1,000.00",1 Year,4700-0-00-00000-00-0000,1 Year Subscription 8/1/2020 to 7/31/2021,,,
University 127,,8/25/2020,NB082520D,"$3,500.00",1 Year,4700-0-00-00000-00-0000,1 Year Subscription 8/31/2020 to 8/31/2021,,,
University 241,,8/25/2020,NB082520E,$400.00,1 Year,4700-0-00-00000-00-0000,1 Year Subscription 5/4/2020 to 4/30/2021,,,
University 184,,8/25/2020,NB082520F,"$2,500.00",1 Year,4700-0-00-00000-00-0000,1 Year Subscription 3/20/2020 to 3/31/2021,,,
University 330,,8/25/2020,NB082520G,"$1,250.00",6 Months,4700-0-00-00000-00-0000,6 Months Subscription 9/4/2020 to 1/31/2021,,,
University 331,,8/25/2020,NB082520H,$437.00,3 Months,4700-0-00-00000-00-0000,3 Months Subscription 9/15/2020 to 12/15/2020,,,
University 332,,8/25/2020,NB082520I,"$3,000.00",1 Year,4700-0-00-00000-00-0000,1 Year Subscription 8/24/2020 to 8/31/2021,,,
University 333,,8/25/2020,NB082520J,"$1,650.00",1 Year,4700-0-00-00000-00-0000,1 Year Subscription 8/21/2020 to 8/31/2021,,,
University 231,,8/25/2020,NB082520K,"$1,750.00",6 Months,4700-0-00-00000-00-0000,6 Months Subscription 7/10/2020 to 1/10/2021,,,
University 334,,8/25/2020,NB082520L,$800.00,3 Months,4700-0-00-00000-00-0000,3 Months Subscription 8/25/2020 to 11/25/2020,,,
University 335,,8/25/2020,NB082520M,"$1,700.00",1 Year,4700-0-00-00000-00-0000,1 Year Subscription 8/13/2020 to 7/31/2021,,,
University 246,,8/25/2020,NB082520N,"$4,000.00",1 Year,4700-0-00-00000-00-0000,1 Year Subscription 5/4/2020 to 4/30/2021,,,
University 298,,8/25/2020,NB082520O,$500.00,1 Year,4700-0-00-00000-00-0000,1 Year Subscription 8/12/2020 to 7/31/2021,,,
University 336,,8/25/2020,NB082520P,$565.00,3 Months,4700-0-00-00000-00-0000,3 Months Subscription 8/25/2020 to 12/7/2020,,,
University 301,,8/25/2020,NB082520Q,"$2,500.00",1 Year,4700-0-00-00000-00-0000,1 Year Subscription 8/10/2020 to 7/31/2021,,,
University 196,,8/25/2020,NB082520R,"$6,500.00",1 Year,4700-0-00-00000-00-0000,1 Year Subscription 7/21/2020 to 7/31/2021,,,
University 196,,8/25/2020,NB082520S,"$2,500.00",1 Year,4700-0-00-00000-00-0000,1 Year Subscription 7/21/2020 to 7/31/2021,,,
University 337,,8/25/2020,NB082520T,"$2,070.00",1 Year,4700-0-00-00000-00-0000,1 Year Subscription 8/25/2020 to 8/31/2021,,,
University 338,,8/28/2020,NB082820,"$6,600.00",3 Years,4700-0-00-00000-00-0000,3 Years Subscription 9/1/2020 to 8/31/2023,,,
University 339,,8/28/2020,NB082820A,"$5,100.00",1 Year,4700-0-00-00000-00-0000,1 Year Subscription 8/31/2020 to 8/31/2021,,,
University 340,,8/28/2020,NB082820B,"$4,000.00",1 Year,4700-0-00-00000-00-0000,1 Year Subscription 8/31/2020 to 8/31/2021,,,
University 341,,8/28/2020,NB082820C,$550.00,3 Months,4700-0-00-00000-00-0000,3 Months Subscription 9/1/2020 to 11/30/2020,,,
University 286,,9/1/2020,NB090120,"$1,000.00",1 Year,4700-0-00-00000-00-0000,1 Year Subscription 9/1/2020 to 8/31/2021,,,
University 280,,9/1/2020,NB090120A,$500.00,1 Year,4700-0-00-00000-00-0000,1 Year Subscription 7/24/2020 to 7/31/2021,,,
University 342,,9/1/2020,NB090120B,$525.00,3 Months,4700-0-00-00000-00-0000,3 Months Subscription 8/24/2020 to 12/4/2020,,,
University 194,,9/1/2020,NB090120C,$555.00,3 Months,4700-0-00-00000-00-0000,3 Months Subscription 9/8/2020 to 12/8/2020,,,
University 207,,9/1/2020,NB090120D,"$5,750.00",1 Year,4700-0-00-00000-00-0000,1 Year Subscription 8/21/2020 to 8/31/2021,,,
University 343,,9/1/2020,NB090120E,"$3,000.00",1 Year,4700-0-00-00000-00-0000,1 Year Subscription 8/21/2020 to 8/31/2021,,,
University 344,,9/1/2020,NB090120F,"$1,710.00",1 Year,4700-0-00-00000-00-0000,1 Year Subscription 8/31/2020 to 8/31/2021,,,
University 345,,9/1/2020,NB090120G,"$5,000.00",1 Year,4700-0-00-00000-00-0000,1 Year Subscription 8/31/2020 to 8/31/2021,,,
University 346,,9/1/2020,NB090120H,$625.00,3 Months,4700-0-00-00000-00-0000,3 Months Subscription 10/1/2020 to 12/31/2020,,,
University 347,,9/1/2020,NB090120I,"$5,500.00",1 Year,4700-0-00-00000-00-0000,1 Year Subscription 8/31/2020 to 8/31/2021,,,
University 348,,9/1/2020,NB090120J,"$2,250.00",1 Year,4700-0-00-00000-00-0000,1 Year Subscription 9/1/2020 to 8/31/2021,,,
University 349,,9/1/2020,NB090120K,$400.00,3 Months,4700-0-00-00000-00-0000,3 Months Subscription 8/28/2020 to 11/28/2020,,,
University 350,,9/1/2020,NB090120L,"$2,100.00",1 Year,4700-0-00-00000-00-0000,1 Year Subscription 8/27/2020 to 8/31/2021,,,
University 351,,9/1/2020,NB090120M,$625.00,3 Months,4700-0-00-00000-00-0000,3 Months Subscription 9/1/2020 to 12/31/2020,,,
University 352,,9/1/2020,NB090120N,"$4,500.00",1 Year,4700-0-00-00000-00-0000,1 Year Subscription 8/17/2020 to 8/31/2021,,,
University 353,,9/1/2020,NB090120O,"$1,825.00",3 Months,4700-0-00-00000-00-0000,3 Months Subscription 9/11/2020 to 12/11/2020,,,
University 354,,9/1/2020,NB090120P,"$3,700.00",1 Year,4700-0-00-00000-00-0000,1 Year Subscription 8/24/2020 to 8/31/2020,,,
University 144,,9/1/2020,NB090120Q,"$10,800.00",1 Year,4700-0-00-00000-00-0000,1 Year Subscription 8/20/2020 to 8/31/2021,,,
University 355,,9/1/2020,NB090120R,"$1,000.00",1 Year,4700-0-00-00000-00-0000,1 Year Subscription 8/31/2020 to 8/31/2021,,,
University 355,,9/1/2020,NB090120S,$500.00,1 Year,4700-0-00-00000-00-0000,1 Year Subscription 8/31/2020 to 8/31/2021,,,
University 291,,9/8/2020,NB090820,"$1,500.00",3 Years,4700-0-00-00000-00-0000,3 Years Subscription 8/7/2020 to 7/31/2023,,,
University 356,,9/8/2020,NB090820A,"$4,500.00",1 Year,4700-0-00-00000-00-0000,1 Year Subscription 8/1/2020 to 7/31/2021,,,
University 357,,9/8/2020,NB090820B,"$1,976.30",1 Year,4700-0-00-00000-00-0000,1 Year Subscription 8/21/2020 to 8/31/2021,,,
University 358,,9/8/2020,NB090820C,"$6,000.00",1 Year,4700-0-00-00000-00-0000,1 Year Subscription 9/8/2020 to 8/31/2021,,,
University 359,,9/8/2020,NB090820D,"$1,976.30",1 Year,4700-0-00-00000-00-0000,1 Year Subscription 9/1/2020 to 8/31/2021,,,
University 360,,9/8/2020,NB090820E,"$2,300.00",1 Year,4700-0-00-00000-00-0000,1 Year Subscription 9/1/2020 to 8/31/2021,,,
University 361,,9/8/2020,NB090820F,"$5,090.00",1 Year,4700-0-00-00000-00-0000,1 Year Subscription 8/31/2020 to 8/31/2021,,,
University 362,,9/8/2020,NB090820G,"$2,000.00",1 Year,4700-0-00-00000-00-0000,1 Year Subscription 9/4/2020 to 8/31/2021,,,
University 363,,9/8/2020,NB090820H,$800.00,3 Months,4700-0-00-00000-00-0000,3 Months Subscription 9/1/2020 to 11/30/2020,,,
University 364,,9/8/2020,NB090820I,"$2,480.00",1 Year,4700-0-00-00000-00-0000,1 Year Subscription 9/4/2020 to 8/31/2021,,,
University 236,,9/8/2020,NB090820J,"$3,000.00",1 Year,4700-0-00-00000-00-0000,1 Year Subscription 8/31/2020 to 8/31/2021,,,
University 365,,9/8/2020,NB090820K,$625.00,3 Months,4700-0-00-00000-00-0000,3 Months Subscription 8/31/2020 to 11/30/2020,,,
University 214,,9/8/2020,NB090820M,"$1,000.00",6 Months,4700-0-00-00000-00-0000,6 Months Subscription 9/1/2020 to 2/28/2021,,,
University 366,,9/8/2020,NB090820N,"$1,250.00",6 Months,4700-0-00-00000-00-0000,6 Months Subscription 9/1/2020 to 2/28/2021,,,
University 367,,9/8/2020,NB090820O,"$2,000.00",1 Year,4700-0-00-00000-00-0000,1 Year Subscription 8/31/2020 to 8/31/2021,,,
University 368,,9/8/2020,NB090820P,"$4,650.00",1 Year,4700-0-00-00000-00-0000,1 Year Subscription 8/24/2020 to 8/31/2021,,,
University 369,,9/8/2020,NB090820Q,$875.00,6 Months,4700-0-00-00000-00-0000,6 Months Subscription 9/4/2020 to 2/28/2021,,,
University 222,,9/8/2020,NB090820R,"$15,800.00",1 Year,4700-0-00-00000-00-0000,1 Year Subscription 8/24/2020 to 8/31/2021,,,
University 13,,9/8/2020,NB090820S,$937.50,3 Months,4700-0-00-00000-00-0000,3 Months Subscription 9/1/2020 to 11/30/2020,,,
University 70,,9/8/2020,NB090820T,"$1,710.00",1 Year,4700-0-00-00000-00-0000,1 Year Subscription 6/30/2020 to 6/30/2021,,,
University 93,,9/8/2020,NB090820U,"$1,500.00",1 Year,4700-0-00-00000-00-0000,1 Year Subscription 12/31/2019 to 12/31/2020,,,
University 370,,9/8/2020,NB090820V,$587.00,3 Months,4700-0-00-00000-00-0000,3 Months Subscription 9/1/2020 to 11/30/2020,,,
University 371,,9/8/2020,NB090820W,$375.00,3 Months,4700-0-00-00000-00-0000,3 Months Subscription 9/1/2020 to 12/1/2020,,,
University 273,,9/8/2020,NB090820X,"$1,500.00",1 Year,4700-0-00-00000-00-0000,1 Year Subscription 7/1/2019 to 6/30/2020,,,
University 327,,9/8/2020,NB090820Y,"$3,250.00",1 Year,4700-0-00-00000-00-0000,1 Year Subscription 7/15/2020 to 7/31/2021,,,
University 372,,9/8/2020,NB090820Z,"$4,500.00",1 Year,4700-0-00-00000-00-0000,1 Year Subscription 9/2/2020 to 8/31/2021,,,
University 278,,9/8/2020,NB090820AA,$290.00,3 Months,4700-0-00-00000-00-0000,3 Months Subscription 9/1/2020 to 12/8/2020,,,
University 275,,9/8/2020,NB090820AB,$208.30,1 Year,4700-0-00-00000-00-0000,1 Year Subscription 8/1/2020 to 7/31/2021,,,
University 373,,9/8/2020,NB091120,"$3,000.00",1 Year,4700-0-00-00000-00-0000,1 Year Subscription 9/8/2020 to 8/31/2021,,,
University 374,,9/11/2020,NB091120A,$625.00,3 Months,4700-0-00-00000-00-0000,3 Months Subscription 9/14/2020 to 12/14/2020,,,
University 375,,9/11/2020,NB091120B,$512.50,3 Months,4700-0-00-00000-00-0000,3 Months Subscription 9/14/2020 to 12/14/2020,,,
University 376,,9/11/2020,NB091120C,$500.00,3 Months,4700-0-00-00000-00-0000,3 Months Subscription 9/8/2020 to 12/8/2020,,,
University 132,,9/11/2020,NB091120D,"$2,750.00",1 Year,4700-0-00-00000-00-0000,1 Year Subscription 9/30/2020 to 9/30/2021,,,
University 377,,9/11/2020,NB091120E,$500.00,3 Months,4700-0-00-00000-00-0000,3 Months Subscription 9/10/2020 to 12/10/2020,,,
University 378,,9/11/2020,NB091120F,"$3,000.00",1 Year,4700-0-00-00000-00-0000,1 Year Subscription 8/31/2020 to 8/31/2021,,,
University 379,,9/11/2020,NB091120G,$391.00,3 Months,4700-0-00-00000-00-0000,3 Months Subscription 9/9/2020 to 12/9/2020,,,
University 205,,9/11/2020,NB091120H,$875.00,3 Months,4700-0-00-00000-00-0000,3 Months Subscription 10/1/2020 to 12/31/2020,,,
University 380,,9/11/2020,NB091120I,"$4,350.00",3 Years,4700-0-00-00000-00-0000,3 Years Subscription 9/1/2020 to 10/31/2023,,,
University 381,,9/11/2020,NB091120J,"$1,840.00",1 Year,4700-0-00-00000-00-0000,1 Year Subscription 8/28/2020 to 8/31/2021,,,
University 382,,9/11/2020,NB091120K,$700.00,3 Months,4700-0-00-00000-00-0000,3 Months Subscription 9/10/2020 to 12/10/2020,,,
University 209,,9/11/2020,NB091120L,"$5,000.00",1 Year,4700-0-00-00000-00-0000,1 Year Subscription 9/11/2020 to 9/30/2021,,,
University 383,,9/12/2020,NB091220,$750.00,3 Months,4700-0-00-00000-00-0000,3 Months Subscription 9/14/2020 to 12/14/2020,,,
University 383,,9/12/2020,NB091220A,"$3,500.00",1 Year,4700-0-00-00000-00-0000,1 Year Subscription 9/14/2020 to 9/30/2021,,,
University 384,,9/12/2020,NB091220B,$875.00,3 Months,4700-0-00-00000-00-0000,3 Months Subscription 9/8/2020 to 11/8/2020,,,
University 385,,9/12/2020,NB091220C,"$2,000.00",1 Year,4700-0-00-00000-00-0000,1 Year Subscription 11/1/2020 to 10/31/2021,,,
University 232,,9/13/2020,NB091320,$875.00,3 Months,4700-0-00-00000-00-0000,3 Months Subscription 9/15/2020 to 11/30/2020,,,
University 182,,9/13/2020,NB091320A,"$7,500.00",1 Year,4700-0-00-00000-00-0000,1 Year Subscription 8/31/2020 to 8/31/2021,,,
University 231,,9/13/2020,NB091320B,$250.00,6 Months,4700-0-00-00000-00-0000,6 Months Subscription 07/10/2020 to 01/10/2021,,,
University 327,,9/13/2020,NB091320C,$700.00,1 Year,4700-0-00-00000-00-0000,1 Year Subscription 7/15/2020 to 7/31/2021,,,
University 269,,9/13/2020,NB091320D,"$1,000.00",6 Months,4700-0-00-00000-00-0000,6 Months Subscription 07/21/2020 to 01/31/2021,,,
University 386,,9/13/2020,NB091320E,$355.00,6 Months,4700-0-00-00000-00-0000,6 Months Subscription 09/4/2020 to 01/31/2021,,,
University 387,,9/13/2020,NB091320F,"$1,750.00",6 Months,4700-0-00-00000-00-0000,6 Months Subscription 10/1/2020 to 03/31/2021,,,
University 388,,9/13/2020,NB091320G,"$2,750.00",1 Year,4700-0-00-00000-00-0000,1 Year Subscription 9/10/2020 to 7/30/2021,,,
University 389,,9/13/2020,NB091320H,$500.00,1 Year,4700-0-00-00000-00-0000,1 Year Subscription 8/1/2020 to 7/31/2021,,,
University 390,,9/15/2020,NB091520,"$3,500.00",1 Year,4700-0-00-00000-00-0000,1 Year Subscription 9/14/2020 to 9/30/2021,,,
University 391,,9/17/2020,NB091720,$462.00,3 Months,4700-0-00-00000-00-0000,3 Months Subscription 9/15/2020 to 12/15/2020,,,
University 392,,9/17/2020,NB091720A,"$1,270.00",3 Months,4700-0-00-00000-00-0000,3 Months Subscription 10/1/2020 to 12/30/2020,,,
University 393,,9/17/2020,NB091720B,"$2,500.00",1 Year,4700-0-00-00000-00-0000,1 Year Subscription 9/19/2020 to 9/30/2021,,,
University 394,,9/17/2020,NB091720C,$875.00,6 Months,4700-0-00-00000-00-0000,6 Months Subscription 10/1/2020 to 03/31/2021,,,
University 283,,9/17/2020,NB071720D,$130.00,1 Year,4700-0-00-00000-00-0000,1 Year Subscription 8/8/2020 to 7/31/2021,,,
University 395,,9/18/2020,NB091820,"$4,500.00",1 Year,4700-0-00-00000-00-0000,1 Year Subscription 9/18/2020 to 9/30/2021,,,
University 395,,9/18/2020,NB091820A,"$3,000.00",1 Year,4700-0-00-00000-00-0000,1 Year Subscription 9/18/2020 to 9/30/2021,,,
University 396,,9/18/2020,NB091820B,"$2,250.00",1 Year,4700-0-00-00000-00-0000,1 Year Subscription 9/21/2020 to 9/30/2021,,,
University 327,,9/21/2020,NB092120,$360.00,1 Year,4700-0-00-00000-00-0000,1 Year Subscription 7/15/2020 to 7/31/2021,,,
University 397,,9/21/2020,NB092120A,"$1,030.00",6 Months,4700-0-00-00000-00-0000,6 Months Subscription 9/18/2020 to 03/18/2021,,,
University 233,,9/21/2020,NB092120B,$100.00,1 Year,4700-0-00-00000-00-0000,1 Year Subscription 4/15/2020 to 4/30/2021,,,
University 398,,9/21/2020,NB092120C,"$2,500.00",1 Year,4700-0-00-00000-00-0000,1 Year Subscription 10/1/2020 to 9/30/2021,,,
University 399,,9/21/2020,NB092120D,"$4,500.00",1 Year,4700-0-00-00000-00-0000,1 Year Subscription 9/18/2020 to 9/30/2021,,,
University 321,,9/22/2020,NB092220,$750.00,6 Months,4700-0-00-00000-00-0000,6 Months Subscription 9/1/2020 to 03/31/2021,,,
University 400,,9/22/2020,NB092220A,$125.00,3 Months,4700-0-00-00000-00-0000,3 Months Subscription 9/1/2020 to 12/31/2020,,,
University 401,,9/24/2020,NB092420,"$3,250.00",3 Months,4700-0-00-00000-00-0000,3 Months Subscription 9/24/2020 to 12/24/2020,,,
University 3,,9/24/2020,NB092420A,"$1,000.00",1 Year,4700-0-00-00000-00-0000,1 Year Subscription 7/7/2020 to 6/30/2021,,,
University 402,,9/24/2020,NB092420B,"$2,125.00",3 Months,4700-0-00-00000-00-0000,3 Months Subscription 9/21/2020 to 12/21/2020,,,
University 403,,9/24/2020,NB092420C,"$2,500.00",1 Year,4700-0-00-00000-00-0000,1 Year Subscription 9/22/2020 to 9/30/2021,,,
University 404,,9/24/2020,NB092420D,"$1,400.00",6 Months,4700-0-00-00000-00-0000,6 Months Subscription 9/9/2020 to 03/9/2021,,,
University 405,,9/25/2020,NB092520,$800.00,6 Months,4700-0-00-00000-00-0000,6 Months Subscription 9/24/2020 to 03/24/2021,,,
University 406,,9/29/2020,NB092920,"$2,250.00",1 Year,4700-0-00-00000-00-0000,1 Year Subscription 9/28/2020 to 9/30/2021,,,
University 271,,9/29/2020,,$50.00,1 Year,4700-0-00-00000-00-0000,1 Year Subscription 7/15/2020 to 7/14/2021,,,
University 407,,9/30/2020,NB093020,"$2,500.00",1 Year,4700-0-00-00000-00-0000,1 Year Subscription 9/30/2020 to 9/30/2021,,,
University 408,,10/1/2020,NB100120,"$3,250.00",6 Months,4700-0-00-00000-00-0000,6 Months Subscription 10/1/2020 to 03/31/2021,,,
University 378,,10/1/2020,NB100120A,$100.00,1 Year,4700-0-00-00000-00-0000,1 Year Subscription 8/31/2020 to 8/31/2021,,,
University 327,,10/1/2020,NB100120B,$190.00,1 Year,4700-0-00-00000-00-0000,1 Year Subscription 7/15/2020 to 7/31/2021,,,
University 390,,10/1/2020,NB100120C,$500.00,1 Year,4700-0-00-00000-00-0000,1 Year Subscription 9/30/2020 to 9/30/2021,,,
University 241,,10/1/2020,NB100120D,$200.00,1 Year,4700-0-00-00000-00-0000,1 Year Subscription 5/4/2020 to 4/30/2021,,,
University 409,,10/1/2020,NB100120E,"$1,250.00",3 Months,4700-0-00-00000-00-0000,3 Months Subscription 9/15/2020 to 12/15/2020,,,
University 410,,10/2/2020,NB100220,"$3,000.00",1 Year,4700-0-00-00000-00-0000,1 Year Subscription 10/2/2020 to 9/30/2021,,,
University 411,,10/2/2020,NB100220A,$400.00,3 Months,4700-0-00-00000-00-0000,3 Months Subscription 10/2/2020 to 12/31/2020,,,
University 412,,9/1/2020,NB090820L,"$1,500.00",6 Months,4700-0-00-00000-00-0000,6 Months Subscription 8/31/2020 to 02/28/2021,,,
University 167,,10/7/2020,NB100720,"$15,520.00",6 Months,4700-0-00-00000-00-0000,6 Months Subscription 8/31/2020 to 02/28/2021,,,
University 413,,10/7/2020,NB100820,"$3,500.00",1 Year,4700-0-00-00000-00-0000,1 Year Subscription 10/1/2020 to 9/30/2021,,,
University 414,,10/7/2020,NB100820A,$450.00,3 Months,4700-0-00-00000-00-0000,3 Months Subscription 10/2/2020 to 12/31/2020,,,
University 415,,10/7/2020,NB100820B,"$8,880.00",1 Year,4700-0-00-00000-00-0000,1 Year Subscription 9/17/2020 to 9/30/2021,,,
University 416,,10/7/2020,NB100820C,$200.00,30 Days,4700-0-00-00000-00-0000,30 Days 10/15/2020 to 11/14/2020,,,
University 226,,10/7/2020,NB100820D,$495.00,6 Months,4700-0-00-00000-00-0000,6 Months Subscription 7/1/2020 to 12/30/2020,,,
University 417,,10/7/2020,NB100820F,"$1,900.00",1 Year,4700-0-00-00000-00-0000,1 Year Subscription 10/15/2020 to 10/31/2021,,,
University 114,,10/7/2020,NB100820G,$200.00,1 Year,4700-0-00-00000-00-0000,1 Year Subscription 5/31/2020 to 5/31/2021,,,
University 418,,10/7/2020,NB100820H,$700.00,3 Months,4700-0-00-00000-00-0000,3 Months Subscription 9/1/2020 to 12/31/2020,,,
University 419,,10/7/2020,NB100820I,"$1,625.00",3 Months,4700-0-00-00000-00-0000,3 Months Subscription 10/7/2020 to 12/31/2020,,,
University 420,,10/7/2020,NB100820J,$395.00,3 Months,4700-0-00-00000-00-0000,3 Months Subscription 10/7/2020 to 12/31/2020,,,
University 421,,10/7/2020,NB100820K,$500.00,3 Months,4700-0-00-00000-00-0000,3 Months Subscription 10/2/2020 to 12/31/2020,,,
University 422,,10/9/2020,NB100920,"$3,250.00",6 Months,4700-0-00-00000-00-0000,6 Months Subscription 10/7/2020 to 4/7/2021,,,
University 423,,10/9/2020,NB100920A,"$21,000.00",1 Year,4700-0-00-00000-00-0000,1 Year Subscription 10/1/2020 to 9/30/2021,,,
University 424,,10/13/2020,NB101320A,"$4,700.00",1 Year,4700-0-00-00000-00-0000,1 Year Subscription 10/9/2020 to 9/30/2021,,,
University 82,,10/13/2020,NB101320B,"$1,200.00",1 Year,4700-0-00-00000-00-0000,1 Year Subscription 9/30/2020 to 9/30/2021,,,
University 13,,10/13/2020,NB101320C,"$1,000.00",1 Year,4700-0-00-00000-00-0000,1 Year Subscription 9/30/2020 to 9/30/2021,,,
University 227,,10/15/2020,NB101520,"$4,500.00",1 Year,4700-0-00-00000-00-0000,1 Year Subscription 9/8/2020 to 8/31/2021,,,
University 425,,10/15/2020,NB101520A,"$1,640.00",1 Year,4700-0-00-00000-00-0000,1 Year Subscription 10/14/2020 to 10/31/2021,,,
University 426,,10/16/2020,NB101620,"$4,800.00",3 Years,4700-0-00-00000-00-0000,3 Years Subscription 10/20/2020 to 10/31/2023,,,
University 427,,10/16/2020,NB101620A,"$4,500.00",1 Year,4700-0-00-00000-00-0000,1 Year Subscription 10/6/2020 to 10/5/2021,,,
University 129,,10/16/2020,NB101620B,"$6,500.00",1 Year,4700-0-00-00000-00-0000,1 Year Subscription 8/31/2020 to 8/31/2021,,,
University 404,,10/16/2020,NB101620C,$75.00,6 Months,4700-0-00-00000-00-0000,6 Months Subscription 9/9/2020 to 3/9/2021,,,
University 428,,10/19/2020,NB101920,$500.00,6 Months,4700-0-00-00000-00-0000,6 Months Subscription 10/23/2020 to 4/23/2021,,,
University 391,,10/19/2020,NB101920A,"$2,500.00",1 Year,4700-0-00-00000-00-0000,1 Year Subscription 9/8/2020 to 10/31/2021,,,
University 413,,10/19/2020,NB101920B,$410.00,1 Year,4700-0-00-00000-00-0000,1 Year Subscription 10/1/2020 to 9/30/2021,,,
University 19,,10/20/2020,NB102020,$750.00,1 Year,4700-0-00-00000-00-0000,1 Year Subscription 9/30/2020 to 9/30/2021,,,
University 429,,10/20/2020,NB102020A,"$16,052.00",3 Months,4700-0-00-00000-00-0000,3 Months Subscription 8/20/2020 to 12/12/2020,,,
University 430,,10/22/2020,NB102020,$425.00,3 Months,4700-0-00-00000-00-0000,3 Months Subscription 11/1/2020 to 1/31/2021,,,
University 269,,10/22/2020,NB102020A,$100.00,6 Months,4700-0-00-00000-00-0000,6 Months Subscription 7/21/2020 to 1/31/2021,,,
University 431,,10/22/2020,NB102020B,"$5,000.00",1 Year,4700-0-00-00000-00-0000,1 Year Subscription 9/28/2020 to 9/30/2021,,,
University 432,,10/23/2020,NB102220C,$562.00,3 Months,4700-0-00-00000-00-0000,3 Months Subscription 10/22/2020 to 1/22/2021,,,
University 404,,10/23/2020,NB102320,$100.00,6 Months,4700-0-00-00000-00-0000,6 Months Subscription 9/9/2020 to 3/9/2021,,,
University 413,,10/28/2020,NB102320,$300.00,1 Year,4700-0-00-00000-00-0000,1 Year Subscription 10/1/2020 to 9/30/2021,,,
University 433,,10/30/2020,NB103020,"$3,366.00",1 Year,4700-0-00-00000-00-0000,1 Year Subscription 11/7/2020 to 10/31/2021,,,
University 434,,11/2/2020,NB110220,"$26,250.00",3 Years,4700-0-00-00000-00-0000,3 Years Subscription 10/31/2020 to 10/31/2023,,,
University 435,,11/2/2020,NB110220A,$500.00,3 Months,4700-0-00-00000-00-0000,3 Mo Subscription 9/1/2020 to 12/1/2020,,,
University 436,,11/2/2020,NB110220B,"$2,500.00",1 Year,4700-0-00-00000-00-0000,1 Year Subscription 11/2/2020 to 10/31/2021,,,
University 251,,11/2/2020,NB110220C,"$3,500.00",1 Year,4700-0-00-00000-00-0000,1 Year Subscription 11/2/2020 to 10/31/2021,,,
University 428,,11/3/2020,NB101920,$40.00,6 Months,4700-0-00-00000-00-0000,6 Mon Subscription 10/23/2020 to 4/23/2021,,,
University 343,,11/3/2020,NB110320,$500.00,1 Year,4700-0-00-00000-00-0000,1 Year Subscription 8/21/2020 to 8/31/2021,,,
University 263,,11/3/2020,NB110320A,$200.00,1 Year,4700-0-00-00000-00-0000,1 Year Subscription 8/1/2020 to 7/31/2021,,,
University 437,,11/4/2020,NB110420,"$1,700.00",1 Year,4700-0-00-00000-00-0000,1 Year Subscription 10/19/2020 to 10/31/2021,,,
University 135,,11/4/2020,NB110420A,"$2,250.00",1 Year,4700-0-00-00000-00-0000,1 Year Subscription 12/31/2020 to 12/31/2021,,,
University 438,,11/4/2020,NB110420B,"$2,000.00",1 Year,4700-0-00-00000-00-0000,1 Year Subscription 11/3/2020 to 10/31/2021,,,
