Payee Name,Invoice Date,Invoice #,Vendor ID,Invoice Amount,Account Code ,Dates of service ,Mail Date,Unnamed: 8,Unnamed: 9,Unnamed: 10,Amount Paid, Pymt Received
Southeast/South-Central Educational Cooporative,11/18/19,241,,$200.00 ,4700-0-00-00000-00-0000,3 yr Subscription 5/22/19 to 5/31/22 additional users,11/18/19,,,,$200.00 ,1/8/20
Austin Peay State University,12/16/19,248,,"$2,500.00 ",4700-0-00-00000-00-0000,1 yr Subscripture 12/31/19 to 12/31/20,12/16/19,,,,"$2,500.00 ",1/9/20
"University of Californina,Riverside",11/18/19,240,,"$1,250.00 ",4700-0-00-00000-00-0000,1 yr Subscription 12/31/19 to 12/31/20,11/18/19,,,,"$1,250.00 ",1/10/20
Four Corners Coalition/Farmington High School,11/18/19,212,,$500.00 ,4700-0-00-00000-00-0000 ,1 yr Subscription 8/31/19 to 8/31/20,11/18/19,,,,$500.00 ,1/13/20
NM NT Santa Fe - Santa Fe Public Schools,11/20/19,244,,$250.00 ,4700-0-00-00000-00-0000,1 yr Subscription 11/30/19 to 11/30/20,11/20/19,,,,$250.00 ,1/13/20
Southeast/South-Central Educational Cooporative,12/12/19,245,,$250.00 ,4700-0-00-00000-00-0000,3 yr Subscription 5/22/19 to 5/31/22 additional users,12/12/19,,,,$250.00 ,1/13/20
Orange County DOE,12/12/19,247,,"$1,100.00 ",4700-0-00-00000-00-0000,1 yr Subscription 11/30/19 to 11/30/20,12/12/19,,,,"$1,100.00 ",2/11/20
"BloomBoard,Inc.",10/11/19,230,,"$15,000.00 ",4700-0-00-00000-00-0000,3 yr Subscription 9/29/19 to 9/29/22 2nd inv to reflect adjustment,10/17/19,,,,"$15,000.00 ",
University of Tennessee at Martin,11/1/19,235,,$130.00 ,4700-0-00-00000-00-0000,additional users  for 5/15/19 to 5/31/22,11/1/19,,,,$130.00 ,3/9/20
Georgia Gwinnett College,11/19/19,243,,"$2,500.00 ",4700-0-00-00000-00-0000,1 yr Subscription 12/1/19 to 11/30/19,11/19/19,,,,"$2,500.00 ",1/30/20
Colorado Education Association,12/12/19,246,,$600.00 ,4700-0-00-00000-00-0000,1 yr Subscription 12/3/19 to 12/31/20,12/12/19,,,,$600.00 ,3/10/20
Walla Walla Public Schools,1/13/20,249,,"$2,300.00 ",4700-00000,3 yr Subscription 7/31/2020 to 7/31/2023,1/13/20,,,,"$2,300.00 ",2/12/20
ST Thomas Aquinas College,1/27/20,254,,$750.00 ,4700-00000,1 yr Subscription 1/31/2020 to 1/31/2021,1/27/20,,,,$750.00 ,2/12/20
Illinois College,1/27/20,255,,$500.00 ,4700-00000,3 yr Subscription 1/31/2019 to 1/31/2022,1/27/20,,,,$500.00 ,2/12/20
Piedmont College School of Education,1/13/20,250,,"$3,000.00 ",4700-00000,1 yr Subscription 1/31/2020 to 1/31/2021,1/13/20,,,,"$3,000.00 ",1/28/20
Georgia College and State University,1/13/20,251,,"$2,350.00 ",4700-00000,1 yr Subscription 1/31/2020 to 1/31/2021,1/13/20,,,,"$2,350.00 ",1/28/20
Milligan College,1/14/20,252,,"$1,000.00 ",4700-00000,1 yr Subscription 1/31/2020 to 1/31/2021,1/14/20,,,,"$1,000.00 ",1/28/20
East Carolina University,1/28/20,,,"$1,250.00 ",4700-00000,1 yr Subscription 2/29/2020 to 2/28/2020,,,,,"$1,250.00 ",1/28/20
Stanford University/SCALE,1/14/20,253,,$250.00 ,4700-00000,1 yr Subscription 11/1/2019 to 10/31/2020,1/21/20,,,,$250.00 ,1/30/20
Richland Elementary School,3/3/20,NB030320,,"$1,600.00 ",4700-00000,1 yr Subscription 3/2/2020 to 02/28/2021,3/3/20,,,,"$1,600.00 ",7/7/20
Augusta University,3/5/20,NB030520,,$750.00 ,4700-00000,1 yr Subscription 4/30/2020 to 4/30/2021,3/5/20,,,,$750.00 ,6/26/20
"Department of Defense Education Activity-Teaching and 
Learning Division",3/6/20,NB030620,,"$1,730.00 ",4700-00000,1 yr Subscription 3/2/2020 to 3/1/2021,3/3/20,,,,"$1,730.00 ",3/26/20
University of Tennessee at Martin,3/10/20,NB031020,,$310.00 ,4700-00000,3 yr Subscription 5/15/2019 to 05/31/2022,3/10/20,,,,$310.00 ,4/10/20
Southeast South-Central Education Cooperative,2/26/20,NB022620-01,,$450.00 ,4700-00000,3 yr Subscription 5/22/2019 to 5/31/2022,2/26/20,,,,$450.00 ,3/19/20
Illinois National Board Resource Center,3/12/20,NB031220,,"$6,000.00 ",4700-00000,3 yr Subscription 5/1/2020 to 05/01/2023,3/12/20,,,,"$6,000.00 ",4/3/20
UNC Wilmington,3/17/20,NB031720,,"$1,750.00 ",4700-00000,1 yr Subscription 8/1/2019 to 8/31/2020,3/17/20,,,,"$1,750.00 ",4/3/20
Catawba College,3/17/20,NB031720A,,"$1,000.00 ",4700-00000,1 yr Subscription 3/17/2020 to 3/31/2021,3/18/20,,,,$970.70 ,3/18/20
Mercer University,3/18/20,NB031820,,"$3,500.00 ",4700-00000,1 yr Subscription 3/20/2020 to 3/31/2021,3/18/20,,,,"$3,500.00 ",4/3/20
Swarthmore College,3/18/20,NB031820A,,$412.00 ,4700-00000,3 Mo Subscription 3/17/2020 to 6/30/2020,3/18/20,,,,$412.00 ,5/5/20
James Madison University College of Education,3/20/20,NB032020,,"$2,875.00 ",4700-00000,3 Mo Subscription 3/10/2020 to 6/30/2020,3/20/20,,,,"$2,875.00 ",4/17/20
Midland University,3/20/20,NB032020A,,$875.00 ,4700-00000,3 Mo Subscription 3/19/2020 to 6/30/2020,3/20/20,,,,$874.18 ,3/21/20
Winthrop University,3/20/20,NB032020B,,$875.00 ,4700-00000,3 Mo Subscription 3/19/2020 to 6/30/2020,3/20/20,,,,$875.00 ,3/21/20
Augusta University,3/20/20,NB032020C,,"$1,125.00 ",4700-00000,3 Mo Subscription 3/19/2020 to 6/30/2020,3/20/20,,,,"$1,125.00 ",5/28/20
Piedmont College,3/20/20,NB032020D,,"$1,000.00 ",4700-00000,1 yr Subscription 1/31/2020 to 1/31/2021,3/20/20,,,,"$1,000.00 ",5/5/20
Western Carolina University,3/20/20,NB032020E,,"$7,500.00 ",4700-00000,1 yr Subscription 3/20/2020 to 3/31/2021,3/20/20,,,,"$7,500.00 ",4/3/20
College of Coastal Georgia,3/23/20,NB032320,,$563.00 ,4700-00000,3 Mo Subscription 3/23/2020 to 6/30/2020,3/23/20,,,,$563.00 ,5/5/20
KCTCS,3/23/20,NB032320A,,"$3,922.00 ",4700-00000,3 Mo Subscription 3/20/2020 to 6/30/2020,3/23/20,,,,"$3,922.00 ",4/10/20
East Tennessee State University,3/23/20,NB032320B,,$438.00 ,4700-00000,3 Mo Subscription 3/23/2020 to 6/30/2020,3/23/20,,,,$438.00 ,4/3/20
George Mason University,3/24/20,NB032420,,"$2,125.00 ",4700-00000,3 Mo Subscription 3/23/2020 to 6/30/2020,3/23/20,,,,"$2,125.00 ",4/17/20
Colgate University,3/25/20,NB032520,,"$1,000.00 ",4700-00000,1 yr Subscription 3/19/2020 to 3/31/2021,3/25/20,,,,"$1,000.00 ",4/18/20
University of New Orleans,3/25/20,NB032520A,,$625.00 ,4700-00000,3 Mo Subscription 3/25/2020 to 6/30/2020,3/25/20,,,,$625.00 ,5/5/20
University of the Arts,3/25/20,NB032520B,,$516.00 ,4700-00000,3 Mo Subscription 3/23/2020 to 6/30/2020,3/25/20,,,,$516.00 ,3/27/20
Governors State University,3/25/20,NB032520C,,$625.00 ,4700-00000,3 Mo Subscription 3/23/2020 to 6/30/2020,3/25/20,,,,$625.00 ,5/5/20
Augustana College,3/25/20,NB032520D,,$587.00 ,4700-00000,3 Mo Subscription 3/24/2020 to 6/30/2020,3/25/20,,,,$587.00 ,4/17/20
Georgia Gwinnett College,3/25/20,NB032520E,,$250.00 ,4700-00000,3 Mo Subscription 3/24/2020 to 6/30/2020,3/25/20,,,,$250.00 ,7/7/20
Kutztown University of Pennsylvania,3/25/20,NB032520F,,"$5,500.00 ",4700-00000,3 Mo Subscription 3/25/2020 to 6/30/2020,3/25/20,,,,"$5,500.00 ",5/28/20
State University of New York (SUNY),3/25/20,NB032520G,,"$13,920.00 ",4700-00000,3 Mo Subscription 3/25/2020 to 6/30/2020,3/25/20,,,,"$13,920.00 ",4/14/20
Marietta College,3/26/20,NB032620,,"$4,830.00 ",4700-00000,3 yr Subscription 3/24/2020 to 3/31/2023,3/26/20,,,,"$4,830.00 ",4/17/20
Purdue University,3/26/20,NB032620A,,"$2,500.00 ",4700-00000,1 yr Subscription 3/25/2020 to 3/31/2021,3/26/20,,,,"$2,500.00 ",5/28/20
University of Guam,3/26/20,NB032620B,,$250.00 ,4700-00000,3 Mo Subscription 3/25/2020 to 6/30/2020,3/26/20,,,,$250.00 ,5/5/20
Tennessee Wesleyan University,3/26/20,NB032620C,,$687.00 ,4700-00000,3 Mo Subscription 3/25/2020 to 6/30/2020,3/26/20,,,,$687.00 ,7/13/20
Cumberland University,3/26/20,NB032620D,,$625.00 ,4700-00000,3 Mo Subscription 3/26/2020 to 6/30/2020,3/26/20,,,,$625.00 ,4/17/20
Montclair State University,3/27/20,NB032720,,"$1,375.00 ",4700-00000,3 Mo Subscription 3/20/2020 to 6/30/2020,3/27/20,,,,"$1,361.25 ",5/15/20
SUNY College of Oneonta,3/27/20,NB032720A,,$455.00 ,4700-00000,3 Mo Subscription 3/25/2020 to 6/30/2020,3/27/20,,,,$455.00 ,4/14/20
"University of California, Davis",3/30/20,NB033020,,$807.00 ,4700-00000,3 Mo Subscription 3/27/2020 to 6/30/2020,3/30/20,,,,$807.00 ,3/30/20
University of Hawaii at Manoa,3/30/20,NB033020A,,$425.00 ,4700-00000,3 Mo Subscription 3/30/2020 to 6/30/2020,3/30/20,,,,$425.00 ,5/5/20
East Carolina University,3/30/20,NB033020B,,"$1,625.00 ",4700-00000,3 Mo Subscription 3/30/2020 to 6/30/2020,3/30/20,,,,"$1,625.00 ",4/17/20
Murray State University,3/30/20,NB033020C,,"$1,825.00 ",4700-00000,3 Mo Subscription 3/30/2020 to 6/30/2020,3/30/20,,,,"$1,825.00 ",4/17/20
Marietta College,3/31/20,NB033120,,$100.00 ,4700-00000,3 yr Subscription 3/24/2020 to 3/31/2023,3/31/20,,,,$100.00 ,5/28/20
Millersville University of Pennsylvania,3/31/20,NB033120A,,"$1,666.00 ",4700-00000,5 Mo Subscription 3/27/2020 to 8/31/2020,3/31/20,,,,"$1,666.00 ",4/17/20
"Teachers College, Columbia University",4/1/20,NB040120,,"$1,625.00 ",4700-00000,3 Mo Subscription 3/31/2020 to 6/30/2020,4/1/20,,,,"$1,625.00 ",5/5/20
SUNY College at Brockport,4/1/20,NB040120A,,$750.00 ,4700-00000,3 Mo Subscription 3/27/2020 to 6/30/2020,4/1/20,,,,$750.00 ,
Montclair State University,4/2/20,NB040220,,$265.00 ,4700-00000,3 Mo Subscription 3/20/2020 to 6/30/2020,4/2/20,,,,$265.00 ,5/5/20
University of West Alabama,4/2/20,NB040220A,,$62.50 ,4700-00000,3 Mo Subscription 4/1/2020 to 6/30/2020,4/2/20,,,,$62.50 ,5/5/20
University of Tennessee at Martin,4/2/20,NB040220B,,$132.50 ,4700-00000,3 Mo Subscription 3/24/2020 to 6/30/2020,4/2/20,,,,$132.50 ,4/18/20
Southern Adventist University,4/2/20,NB040220C,,$625.00 ,4700-00000,3 Mo Subscription 4/2/2020 to 6/30/2020,4/2/20,,,,$625.00 ,5/28/20
Manhattanville College,4/2/20,NB040220D,,$875.00 ,4700-00000,3 Mo Subscription 4/2/2020 to 6/30/2020,4/2/20,,,,$875.00 ,4/17/20
Seattle University,4/3/20,NB040320,,$500.00 ,4700-00000,3 Mo Subscription 4/1/2020 to 6/30/2020,4/3/20,,,,$500.00 ,4/18/20
Georgia Southern University,4/6/20,NB040320,,"$3,000.00 ",4700-00000,3 yr Subscription 5/31/2019 to 05/31/2022,4/6/20,,,,"$3,000.00 ",4/18/20
Concordia University Chicago,4/7/20,NB040720,,$875.00 ,4700-00000,3 Mo Subscription 4/6/2020 to 6/30/2020,4/7/20,,,,$875.00 ,5/5/20
Syracuse University,4/7/20,NB040720A,,"$1,375.00 ",4700-00000,3 Mo Subscription 4/1/2020 to 6/30/2020,4/7/20,,,,"$1,375.00 ",4/18/20
Spelman College,4/7/20,NB040720B,,"$1,900.00 ",4700-00000,1 yr Subscription 4/1/2020 to 5/31/2021,4/7/20,,,,"$1,900.00 ",5/5/20
University of Alabama,4/8/20,NB040820,,"$50,000.00 ",4700-00000,1 yr Subscription 10/1/2020 to 9/30/2021,4/8/20,,,,"$50,000.00 ",5/5/20
Swarthmore College,4/8/20,NB040820A,,$130.00 ,4700-00000,3 Mo Subscription 3/17/2020 to 6/30/2020,4/8/20,,,,$130.00 ,5/5/20
University of North Georgia,4/8/20,NB040820B,,"$1,900.00 ",4700-00000,1 yr Subscription 5/31/2020 to 5/31/2021,4/8/20,,,,"$1,900.00 ",4/18/20
University of North Georgia,4/9/20,NB040920,,"$2,100.00 ",4700-00000,1 yr Subscription 4/9/2020 to 3/31/2021,4/9/20,,,,"$2,100.00 ",4/18/20
nan,,,,,,,,,,,,
National Louis University,4/9/20,NB040920B,,$625.00 ,4700-00000,3 Mo Subscription 4/8/2020 to 6/30/2020,4/9/20,,,,$625.00 ,5/5/20
KYDOE-Educator Recruitment and Development,4/9/20,NB040920C,,"$3,810.00 ",4700-00000,3 yr Subscription 4/8/2020 to 03/31/2023,4/9/20,,,,"$3,810.00 ",4/18/20
Chapman University,4/9/20,NB040920D,,$625.00 ,4700-00000,3 Mo Subscription 4/6/2020 to 7/7/2020,4/9/20,,,,$625.00 ,5/28/20
Troy University,4/9/20,NB040920E,,"$5,500.00 ",4700-00000,1 yr Subscription 4/8/2020 to 3/31/2021,4/9/20,7/9/20,8/3/20,9/9/20,"$5,500.00 ",21-Sep
City University of New York,4/15/20,NB041520,,$625.00 ,4700-00000,3 Mo Subscription 4/10/2020 to 7/10/2020,4/15/20,,,,$625.00 ,4/18/20
University of Wisconsin Stevens Point,4/15/20,NB041520A,,$250.00 ,4700-00000,3 Mo Subscription 4/9/2020 to 7/9/2020,4/15/20,,,,$250.00 ,4/28/20
SUNY Erie Community College,4/15/20,NB041520B,,$150.00 ,4700-00000,3 Mo Subscription 3/25/2020 to 6/30/2020,4/15/20,7/9/20,,,$150.00 ,9/21/20
Central Washington University,4/15/20,NB041520C,,$547.43 ,4700-00000,1 yr Subscription 10/1/2019 to 12/31/2020,4/15/20,,,,$531.25 ,4/21/20
University of Richmond,4/15/20,NB041520D,,"$1,700.00 ",4700-00000,1 yr Subscription 3/26/2020 to 3/31/2021,4/15/20,,,,"$1,700.00 ",7/27/20
nan,,NB041520E,,,,,,,,,,
SUNY Plattsburgh,4/15/20,NB041520F,,$450.00 ,4700-00000,3 Mo Subscription 4/13/2020 to 7/13/2020,4/15/20,,,,$450.00 ,6/11/20
University of North Alabama,4/15/20,NB041520G,,$500.00 ,4700-00000,3 Mo Subscription 4/8/2020 to 6/30/2020,4/15/20,,,,$500.00 ,5/5/20
Morehead State University,4/15/20,NB041520H,,$875.00 ,4700-00000,3 Mo Subscription 3/23/2020 to 6/30/2020,4/15/20,,,,$875.00 ,5/5/20
City University of New York,4/15/20,NB041520I,,$225.00 ,4700-00000,3 Mo Subscription 4/10/2020 to 7/10/2020,4/15/20,,,,$225.00 ,5/5/20
Ithaca College,4/17/20,NB041720,,$875.00 ,4700-00000,3 Mo Subscription 4/10/2020 to 7/10/2020,4/17/20,,,,$875.00 ,5/5/20
University of San Francisco,4/17/20,NB041720A,,"$3,500.00 ",4700-00000,1 yr Subscription 4/15/2020 to 4/31/2021,4/17/20,,,,"$3,500.00 ",4/18/20
Union University,4/20/20,NB042020,,"$1,600.00 ",4700-00000,1 yr Subscription 4/30/2020 to 4/30/2021,4/20/20,,,,"$1,600.00 ",4/18/20
Western Governors University,4/21/20,NB042120,,"$16,000.00 ",4700-00000,1 yr Subscription 6/12/2020 to 6/12/2021,4/21/20,,,,"$1,600.00 ",5/28/20
University of North Carolina Charlotte,4/21/20,NB042120A,,"$5,250.00 ",4700-00000,1 yr Subscription 4/30/2020 to 4/30/2021,4/21/20,,,,"$5,250.00 ",5/28/20
Auburn University,4/22/20,NB042220,,$527.00 ,4700-00000,3 Mo Subscription 4/17/2020 to 7/17/2020,4/22/20,,,,$511.42 ,5/1/20
Oregon State University,4/23/20,NB042320,,"$1,000.00 ",4700-00000,3 Mo Subscription 4/22/2020 to 7/22/2020,4/23/20,,,,"$1,000.00 ",8/3/20
Mississippi State University-Meridian,4/23/20,NB042320A,,$500.00 ,4700-00000,3 Mo Subscription 4/21/2020 to 7/21/2020,4/23/20,,,,$500.00 ,5/28/20
Piedmont College,4/23/20,NB042320B,,"$2,000.00 ",4700-00000,1 yr Subscription 1/21/2020 to 1/31/2021 (2 Years),4/23/20,7/9/20,8/3/20,,"$2,000.00 ",8/17/20
College of Mount Saint Vincent,4/23/20,NB042320C,,$625.00 ,4700-00000,3 Mo Subscription 4/22/2020 to 7/22/2020,4/23/20,,,,$625.00 ,5/28/20
University of South Alabama,4/27/20,NB042720,,"$2,500.00 ",4700-00000,1 yr Subscription 4/23/2020 to 4/30/2021,4/27/20,,,,"$2,500.00 ",5/15/20
College of Coastal Georgia,4/27/20,NB042720A,,"$2,700.00 ",4700-00000,1 yr Subscription 6/1/2020 to 5/31/2021,4/27/20,,,,"$2,700.00 ",5/28/20
Texas A&M University,4/29/20,NB042920,,"$21,500.00 ",4700-00000,1 yr Subscription 5/5/2020 to 5/5/2021,4/29/20,,,,"$21,500.00 ",5/29/20
Birmingham-Southern College,4/30/20,NB043020,,"$1,000.00 ",4700-00000,1 yr Subscription 6/30/2020 to 6/30/2021,4/30/20,,,,"$1,000.00 ",5/28/20
Stanford University/SCALE,5/1/20,NB050120,,$476.00 ,4700-00000,1 yr Subscription 11/1/2019 to 10/31/2020,5/1/20,,,,$476.00 ,4/18/20
Troy University,5/1/20,NB050120A,,"$2,059.00 ",4700-00000,1 yr Subscription 4/8/2020 to 3/31/2021,5/1/20,,,,"$1,998.99 ",7/9/20
Bellarmine University,5/1/20,NB050120B,,"$2,500.00 ",4700-00000,1 yr Subscription 5/4/2020 to 4/30/2021,5/1/20,,,,"$2,500.00 ",5/28/20
University of North Alabama,5/6/20,NB050620,,$500.00 ,4700-00000,3 Mo Subscription 4/8/2020 to 6/30/2020,5/6/20,,,,$500.00 ,7/27/20
NC A&T State University,5/6/20,NB050620A,,"$10,500.00 ",4700-00000,3 yr Subscription 4/20/2020 to 04/30/2023,5/6/20,,,,"$10,500.00 ",5/28/20
University of California Davis,6/7/20,NB050720,,"$2,882.00 ",4700-00000,,6/16/20,,,,"$2,798.12 ",6/16/20
Fayetteville State University,5/11/20,NB051120,,"$6,000.00 ",4700-00000,3 yr Subscription 8/31/2020 to 08/31/2023,5/11/20,7/9/20,8/3/20,,"$6,000.00 ",8/19/20
Saint Joseph’s College,5/12/20,NB051220,,"$1,000.00 ",4700-00000,1 yr Subscription 5/15/2020 to 05/31/2021,5/12/20,,,,"$1,000.00 ",7/17/20
William Paterson University,5/13/20,NB051320,,"$1,900.00 ",4700-00000,1 yr Subscription 5/18/2020 to 05/31/2021,5/13/20,7/9/20,8/3/20,,"$1,900.00 ",8/26/20
Louisiana State University Baton Rouge,5/13/20,NB051320A,,"$3,000.00 ",4700-00000,1 yr Subscription 5/4/2020 to 04/30/2021,5/13/20,,,,"$3,000.00 ",6/26/20
Sam Houston State University,5/18/20,NB051820,,"$2,000.00 ",4700-00000,1 yr Subscription 5/20/2020 to 07/31/2021,5/18/20,,,,"$2,000.00 ",5/21/20
Northampton County Public Schools,5/19/20,NB051920,,$750.00 ,4700-00000,1 yr Subscription 6/30/2020 to 06/30/2021,5/19/20,,,,$750.00 ,7/27/20
Kennesaw State University,5/21/20,NB052120,,"$2,500.00 ",4700-00000,1 yr Subscription 6/1/2020 to 05/31/2021,5/21/20,,,,"$2,500.00 ",7/16/20
Emporia State University,5/22/20,NB052220,,"$1,000.00 ",4700-00000,1 yr Subscription 6/30/2020 to 06/30/2021,5/22/20,,,,"$1,000.00 ",6/22/20
Northwestern State University,5/29/20,NB052920,,"$2,000.00 ",4700-00000,1 yr Subscription 7/31/2020 to 07/31/2021,5/29/20,,,,"$2,000.00 ",6/22/20
University of Kentucky Libraries,6/1/20,NB060120,,"$4,800.00 ",4700-00000,3 yr Subscription 6/1/2020 to 05/31/2023,6/1/20,,,,"$4,800.00 ",7/16/20
John Hopkins University,6/1/20,NB060120A,,"$1,800.00 ",4700-00000,1 yr Subscription 6/30/2020 to 06/30/2021,6/1/20,,,,"$1,800.00 ",7/20/20
University of Louisiana at Monroe,6/2/20,NB060220,,"$2,250.00 ",4700-00000,3 Mo Subscription 7/1/2020 to 09/30/2020,6/2/20,,,,"$2,250.00 ",6/22/20
Manhattanville College,6/2/20,NB060220A,,$875.00 ,4700-00000,3 Mo Subscription 7/1/2020 to 09/30/2020,6/2/20,,,,$875.00 ,6/22/20
University of North Carolina,6/2/20,NB060220B,,$375.00 ,4700-00000,3 Mo Subscription 9/15/2020 to 12/15/2020,6/2/20,,,,$375.00 ,7/7/20
Kansas State University,6/3/20,NB060320,,"$7,500.00 ",4700-00000,1 yr Subscription 7/31/2020 to 07/31/2021,6/3/20,,,,"$7,500.00 ",6/26/20
New York University-Steinhardt,6/4/20,NB060420,,"$4,500.00 ",4700-00000,1 yr Subscription 7/31/2020 to 07/31/2021,6/4/20,,,,"$4,500.00 ",7/7/20
Central Connecticut State University,6/4/20,NB060420A,,"$7,500.00 ",4700-00000,3 yr Subscription 5/31/2020 to 05/32/2023,6/4/20,,,,"$7,500.00 ",6/26/20
Santa Rosa County District Schools,6/8/20,NB060820,,"$1,158.00 ",4700-00000,3 Mo Subscription 7/1/2020 to 09/30/2020,6/10/20,,,,"$1,124.12 ",6/10/20
James Madison University College of Education,6/11/20,NB061120,,"$12,500.00 ",4700-00000,1 yr Subscription 7/1/2020 to 06/30/2021,6/11/20,7/9/20,8/3/20,,"$12,500.00 ",9/15/20
James Madison University College of Education,6/11/20,NB061120A,,"$3,344.25 ",4700-00000,1 yr Subscription 7/1/2020 to 06/30/2021,6/11/20,7/9/20,8/3/20,,"$3,246.97 ",8/13/20
University of North Colorado,6/11/20,NB061120B,,"$5,252.00 ",4700-00000,3 yr Subscription 7/1/2020 to 06/30/2023,6/11/20,,,,"$5,252.00 ",7/13/20
The University of Southern Mississippi,6/12/20,NB061220,,"$2,000.00 ",4700-00000,1 yr Subscription 6/15/2020 to 06/30/2021,6/12/20,,,,"$2,000.00 ",7/27/20
The Support Network,6/15/20,NB061520,,"$1,800.00 ",4700-00000,1 yr Subscription 7/31/2020 to 07/31/2021,6/15/20,8/3/20,,,"$1,800.00 ",8/19/20
Brigham Young University – Hawaii,6/16/20,NB061620,,"$3,000.00 ",4700-00000,1 yr Subscription 6/16/2020 to 06/30/2021,6/16/20,,,,"$3,000.00 ",7/2/20
Tacoma Public Schools,6/16/20,NB061620A,,"$5,500.00 ",4700-00000,3 yr Subscription 11/2/2020 to 11/30/2023,6/16/20,,,,"$5,500.00 ",7/3/20
Northern Arizona University,6/16/20,NB061620B,,$625.00 ,4700-00000,3 Mo Subscription 8/17/2020 to 11/17/2020,6/16/20,8/3/20,,9/9/20,$624.54 ,9/17/20
San Jose State University,6/16/20,NB061620C,,"$4,500.00 ",4700-00000,1 yr Subscription 5/31/2020 to 05/31/2021,6/16/20,,,,"$4,500.00 ",7/7/20
Husson University,6/16/20,NB061620D,,"$1,000.00 ",4700-00000,1 yr Subscription 7/1/2020 to 06/30/2021,6/16/20,,,,"$1,000.00 ",7/7/20
"University of California, Riverside",6/17/20,NB061720,,$500.00 ,4700-00000,1 yr Subscription 12/31/2019 to 12/31/2020,6/17/20,,,,$500.00 ,7/16/20
Vitero University,6/18/20,NB061820,,$160.00 ,4700-00000,3 Mo Subscription 6/18/2020 to 9/18/2020,6/18/20,,,,$160.00 ,7/7/20
California State Polytechnic University Pomona-Education/CEIS,6/22/20,NB062220,,"$1,029.00 ",4700-00000,1 yr Subscription 6/22/2020 to 6/30/2021,6/22/20,,,,$998.86 ,6/23/20
Rider University,6/22/20,NB062220A,,"$4,500.00 ",4700-00000,1 yr Subscription 7/1/2020 to 6/30/2021,6/22/20,8/3/20,,,"$4,500.00 ",8/19/20
"The University of Tennessee, Knoxville",6/23/20,NB062320,,"$3,500.00 ",4700-00000,1 yr Subscription 7/1/2020 to 6/30/2021,6/23/20,,,,"$3,500.00 ",7/23/20
Saint Xavier University,6/24/20,NB062420,,"$3,000.00 ",4700-00000,1 yr Subscription 8/1/2020 to 7/31/2021,6/24/20,,,,"$3,000.00 ",7/27/20
Clemson University,6/25/20,NB062520,,$540.33 ,4700-00000,3 Mo Subscription 9/1/2020 to 12/1/2020,6/25/20,8/3/20,,,$524.36 ,8/11/20
University of St. Francis,6/25/20,NB062520A,,"$2,500.00 ",4700-00000,1 yr Subscription 8/15/2020 to 8/31/2021,6/25/20,8/3/20,,,"$2,500.00 ",8/19/20
Northeastern Illinois University,6/25/20,NB062520B,,"$6,500.00 ",4700-00000,1 yr Subscription 8/4/2020 to 7/31/2021,6/25/20,8/3/20,,9/28/20,"$6,500.00 ",10/2/20
George Mason University,6/26/20,NB062620,,"$2,500.00 ",4700-00000,3 Mo Subscription 7/1/2020 to 12/31/2020,6/26/20,8/3/20,,,"$2,500.00 ",8/11/20
Troy University,6/26/20,NB062620A,,"$2,058.80 ",4700-00000,1 yr Subscription 4/8/2020 to 3/31/2021,6/26/20,7/9/20,8/3/20,,"$1,998.79 ",8/24/20
Swarthmore College,6/29/20,NB062920,,"$1,600.00 ",4700-00000,1 yr Subscription 7/1/2020 to 6/30/2021,6/29/20,8/3/20,,,"$1,600.00 ",8/11/20
SUNY College of Oneonta,6/29/20,NB062920A,,"$2,500.00 ",4700-00000,6 Mo Subscription 7/1/2020 to 12/31/2020,6/29/20,,,,"$2,500.00 ",6/29/20
East Tennessee State University,6/30/20,NB063020,,"$4,500.00 ",4700-00000,1 yr Subscription 6/30/2020 to 6/30/2021,6/30/20,8/3/20,,9/9/20,"$4,500.00 ",9/11/20
Montclair State University,7/1/20,NB070120,,"$1,000.00 ",4700-00000,6 Mo Subscription 7/1/2020 to 12/31/2020,7/1/20,8/3/20,,,"$1,000.00 ",8/5/20
Syracuse University,7/2/20,NB070220,,"$2,750.00 ",4700-00000,6 Mo Subscription 7/1/2020 to 12/31/2020,7/2/20,,,,"$2,750.00 ",7/27/20
Belhaven University,7/8/20,NB070820,,"$2,650.00 ",4700-00000,1 yr Subscription 8/1/2020 to 7/31/2021,7/8/20,,,,"$2,650.00 ",7/13/20
City University of New York,7/8/20,NB070820A,,"$1,700.00 ",4700-00000,6 Mo Subscription 7/1/2020 to 12/31/2020,7/8/20,8/17/20,9/25/20,10/26/20,"$1,700.00 ",10/28/20
Morehead State University,7/8/20,NB070820B,,"$3,500.00 ",4700-00000,1 yr Subscription 7/7/2020 to 6/30/2021,7/8/20,,,,"$3,500.00 ",7/27/20
Lorain County Community College,7/8/20,NB070820C,,$525.00 ,4700-00000,3 Mo Subscription 8/24/2020 to 11/30/2020,7/8/20,8/7/20,,,$524.36 ,8/7/20
Mississippi State University Meridian,7/9/20,NB070920,,"$1,000.00 ",4700-00000,6 Mo Subscription 7/21/2020 to 12/31/2020,7/9/20,8/17/20,,,"$1,000.00 ",8/31/20
University of Illinois Springfield,7/10/20,NB071020,,"$2,250.00 ",4700-00000,1 yr Subscription 7/10/2020 to 6/30/2021,7/10/20,8/17/20,,9/28/20,"$2,250.00 ",10/5/20
Southern Adventist University,7/14/20,NB071420,,"$2,500.00 ",4700-00000,1 yr Subscription 7/13/2020 to 6/30/2021,7/15/20,,,,"$2,500.00 ",7/28/20
Skidmore College,7/14/20,NB071420A,,"$1,850.00 ",4700-00000,1 yr Subscription 7/15/2020 to 7/14/2021,7/15/20,8/17/20,,,"$1,850.00 ",9/2/20
Duke University,7/15/20,NB071520,,"$1,920.00 ",4700-00000,1 yr Subscription 7/15/2020 to 7/31/2021,7/15/20,8/17/20,,,"$1,920.00 ",8/24/20
Augusta University,7/15/20,NB071520A,,"$3,000.00 ",4700-00000,1 yr Subscription 4/30/2020 to 4/30/2021,7/15/20,8/17/20,,9/28/20,"$3,000.00 ",10/2/20
Roosevelt University,7/15/20,NB071520B,,"$2,500.00 ",4700-00000,1 yr Subscription 7/1/2020 to 6/30/2021,7/15/20,,,,"$2,500.00 ",7/24/20
San Jose State University,7/16/20,NB071620,,"$2,000.00 ",4700-00000,1 yr Subscription 5/31/2020 to 5/31/2021,7/16/20,8/17/20,,9/28/20,"$2,000.00 ",10/2/20
National Louis University,7/16/20,NB071620A,,"$2,200.00 ",4700-00000,1 yr Subscription 8/17/2020 to 8/31/2021,7/16/20,,,,"$2,200.00 ",7/27/20
"California State University, Stanislaus",7/16/20,NB071620B,,"$2,000.00 ",4700-00000,1 yr Subscription 7/15/2020 to 7/31/2021,7/16/20,,,,"$2,000.00 ",7/27/20
Salve Regina University,7/17/20,NB071720,,"$1,650.00 ",4700-00000,1 yr Subscription 8/1/2020 to 7/31/2021,7/17/20,,,,"$1,650.00 ",7/17/20
Southeast KCTCS,7/21/20,NB072120,,$421.00 ,4700-00000,3 Mo Subscription 7/16/2020 to 11/30/2020,7/21/20,,,,$421.00 ,7/27/20
Southeast KCTCS,7/21/20,NB072120A,,"$1,200.00 ",4700-00000,6 Mo Subscription 8/16/2020 to 1/31/2021,7/21/20,,,,"$1,200.00 ",7/27/20
Southern Illinois University Carbondale,7/22/20,NB072220,,$750.00 ,4700-00000,3 Mo Subscription 9/1/2020 to 12/1/2020,7/22/20,,,,$750.00 ,8/19/20
East Carolina University,7/23/20,NB072320,,"$1,500.00 ",4700-00000,1 yr Subscription 2/29/2020 to 2/28/2021,7/23/20,,,,"$1,500.00 ",8/11/20
Brock University,7/23/20,NB072320A,,"$1,222.00 ",4700-00000,3 Mo Subscription 9/1/2020 to 12/8/2020,7/23/20,,,,"$1,222.00 ",8/24/20
"University of Kentucky, IHE Special Education Consortium",7/23/20,NB072320B,,"$3,500.00 ",4700-00000,1 yr Subscription 8/1/2020 to 7/31/2021,7/23/20,,,,"$3,500.00 ",9/8/20
Delta State University,7/23/20,NB072320C,,"$4,500.00 ",4700-00000,3 yr Subscription 8/31/2020 to 8/31/2023,7/23/20,,,,"$4,500.00 ",8/31/20
CA State University Chico,7/23/20,NB072320D,,"$4,000.00 ",4700-00000,1 yr Subscription 7/24/2020 to 7/31/2021,7/23/20,,,9/9/20,"$4,000.00 ",9/29/20
University of La Verne,7/27/20,NB072720,,"$7,000.00 ",4700-00000,1 yr Subscription 7/26/2020 to 7/31/2021,7/27/20,,,,"$7,000.00 ",8/31/20
Utah Valley University,7/29/20,NB072920,,"$6,500.00 ",4700-00000,1 yr Subscription 5/18/2020 to 5/31/2021,7/29/20,,,,"$6,500.00 ",8/31/20
Chicago State University,7/29/20,NB072920A,,"$2,500.00 ",4700-00000,1 yr Subscription 8/17/2020 to 8/31/2021,7/29/20,9/28/20,10/6/20,10/26/20,Follow Up again on 11/10/20,
University of North Alabama,7/30/20,NB073020,,"$2,000.00 ",4700-00000,6 Mo Subscription 7/10/2020 to 1/10/2021,7/30/20,,,9/9/20,"$2,000.00 ",9/15/20
Auburn University,7/30/20,NB073020A,,"$2,300.00 ",4700-00000,1 yr Subscription 7/22/2020 to 7/31/2021,7/30/20,,,,"$2,300.00 ",9/2/20
University of Maryland,7/30/20,NB073020B,,"$1,470.00 ",4700-00000,1 yr Subscription 8/8/2020 to 7/31/2021,7/30/20,9/28/20,,11/3/20,Sent for Pay,
Clayton State University,7/30/20,NB073020C,,"$2,500.00 ",4700-00000,1 yr Subscription 8/1/2020 to 7/31/2021,7/30/20,,,9/9/20,"$2,500.00 ",9/22/20
University of Lynchburg,7/31/20,NB073120,,$525.00 ,4700-00000,3 Mo Subscription 8/12/2020 to 11/20/2020,7/31/20,,,9/9/20,$525.00 ,9/15/20
Western Illinois University,7/31/20,NB073120A,,"$3,000.00 ",4700-00000,1 yr Subscription 9/1/2020 to 8/31/2021,7/31/20,,,,"$3,000.00 ",8/31/20
University of North Carolina Chapel Hill,7/31/20,NB073120C,,"$2,250.00 ",4700-00000,1 yr Subscription 8/1/2020 to 7/31/2021,7/31/20,,,9/9/20,"$2,250.00 ",9/28/20
Creighton University,8/3/20,NB080320,,$425.00 ,4700-00000,3 Mo Subscription 8/24/2020 to 11/24/2020,8/3/20,,,9/9/20,$425.00 ,9/15/20
Berea College,8/3/20,NB080320A,,"$2,600.00 ",4700-00000,1 yr Subscription 8/1/2020 to 7/31/2021,8/3/20,,9/28/20,10/13/20,"$2,600.00 ",10/27/20
Appalachian State University,8/3/20,NB080320B,,"$2,000.00 ",4700-00000,1 yr Subscription 8/1/2020 to 7/31/2021,8/3/20,,,,"$2,000.00 ",9/8/20
Saint Joseph’s University,8/3/20,NB080320C,,"$7,560.00 ",4700-00000,3 yr Subscription 8/7/2020 to 7/31/2023,8/3/20,,,,"$7,560.00 ",9/8/20
University of West Georgia,8/5/20,NB080520,,"$3,500.00 ",4700-00000,1 yr Subscription 8/1/2020 to 7/31/2021,8/5/20,,,,"$3,500.00 ",8/21/20
East Carolina University,8/5/20,NB080520A,,"$1,500.00 ",4700-00000,1 yr Subscription 8/31/2020 to 8/31/2021,8/5/20,,,,"$1,500.00 ",9/8/20
Utica College,8/6/20,NB080620,,"$1,750.00 ",4700-00000,6 Mo Subscription 7/21/2020 to 1/21/2021,8/6/20,,,,"$1,750.00 ",8/19/20
Appalachian State University,8/6/20,NB080620A,,"$3,700.00 ",4700-00000,1 yr Subscription 8/1/2020 to 7/31/2021,8/6/20,,,,"$3,700.00 ",9/8/20
University of Central Arkansas,8/6/20,NB080620B,,"$1,000.00 ",4700-00000,6 Mo Subscription 9/15/2020 to 9/30/2021,8/6/20,,,9/9/20,"$1,000.00 ",9/22/20
Concordia University Irvine,8/7/20,NB080720,,$550.00 ,4700-00000,6 Mo Subscription 9/8/2020 to 12/8/2021,8/7/20,,,,$550.00 ,8/24/20
Brenau University,8/7/20,NB080720A,,"$2,600.00 ",4700-00000,1 yr Subscription 7/31/2020 to 7/31/2021,8/7/20,,,9/9/20,"$2,600.00 ",8/25/20
Georgia Gwinnett College,8/10/20,NB081020,,"$1,150.00 ",4700-00000,1 yr Subscription 12/1/2019 to 11/30/2020,8/10/20,10/6/20,10/26/20,11/3/20,Follow Up email sent,
Francis Marion University,8/10/20,NB081020A,,"$2,100.00 ",4700-00000,1 yr Subscription 8/13/2020 to 7/31/2021,8/10/20,,,,"$2,100.00 ",9/22/20
California State University Long Beach,8/10/20,NB081020B,,"$2,000.00 ",4700-00000,1 yr Subscription 8/7/2020 to 7/31/2021,8/10/20,,,9/28/20,"$1,999.51 ",10/5/20
Manhattanville College,8/10/20,NB081020C,,$875.00 ,4700-00000,3 Mo Subscription 9/30/2020 to 12/31/2020,8/10/20,,,,$875.00 ,8/19/20
Concord University,8/11/20,NB081120,,$738.01 ,4700-00000,3 Mo Subscription 8/17/2020 to 11/17/2020,8/11/20,,,,$716.31 ,8/24/20
Humboldt State University,8/11/20,NB081120A,,"$3,500.00 ",4700-00000,1 yr Subscription 8/12/2020 to 7/31/2021,8/11/20,,,9/28/20,"$3,500.00 ",9/28/20
University of Lynchburg,8/11/20,NB081120B,,$237.50 ,4700-00000,3 Mo Subscription 8/12/2020 to 11/20/2020,8/11/20,,,,$237.50 ,9/15/20
California University of Pennsylvania,8/12/20,NB081220,,"$8,500.00 ",4700-00000,1 yr Subscription 8/17/2020 to 8/31/2021,8/12/20,,,,"$8,500.00 ",8/31/20
Louisiana State University of Alexandria,8/12/20,NB081220A,,$562.00 ,4700-00000,3 Mo Subscription 8/12/2020 to 11/12/2020,8/12/20,,,,$562.00 ,8/31/20
"Mississippi State University, College of Education",8/12/20,NB081220B,,"$6,000.00 ",4700-00000,1 yr Subscription 8/10/2020 to 7/31/2021,8/12/20,,,,"$6,000.00 ",8/24/20
Bridgewater College,8/12/20,NB081220C,,"$2,600.00 ",4700-00000,1 yr Subscription 8/4/2020 to 7/31/2021,8/12/20,,,,"$2,600.00 ",9/22/20
East Carolina University,8/13/20,NB081320,,"$8,000.00 ",4700-00000,1 yr Subscription 2/29/2020 to 2/28/2021,8/13/20,,,,"$8,000.00 ",9/15/20
Arcadia University,8/13/20,NB081320A,,"$1,800.00 ",4700-00000,1 yr Subscription 8/1/2020 to 7/31/2021,8/13/20,,,,"$1,800.00 ",8/31/20
"Temple University, Tyler School of Art and Architecture",8/13/20,NB081320B,,$550.00 ,4700-00000,3 Mo Subscription 8/24/2020 to 12/7/2020,8/13/20,,,9/28/20,$549.86 ,
FSU-Teach Florida State University,8/13/20,NB081320C,,"$2,350.00 ",4700-00000,1 yr Subscription 8/13/2020 to 7/31/2021,8/13/20,,,,"$2,350.00 ",9/8/20
"Harding University, College of Education",8/13/20,NB081320D,,"$1,375.00 ",4700-00000,3 Mo Subscription 9/1/2020 to 12/1/2020,8/13/20,,,,"$1,375.00 ",9/28/20
Kentucky Community & Technical College,8/13/20,NB081320E,,"$11,350.00 ",4700-00000,1 yr Subscription 8/17/2020 to 8/31/2021,8/13/20,,,,"$11,350.00 ",9/15/20
NC Central University,8/13/20,NB081320F,,$750.00 ,4700-00000,3 Mo Subscription 9/1/2020 to 12/1/2020,8/13/20,,,,$750.00 ,9/2/20
"University of South Carolina, Beaufort",8/13/20,NB081320G,,$750.00 ,4700-00000,3 Mo Subscription 9/1/2020 to 11/30/2020,8/13/20,,,9/28/20,$750.00 ,9/30/20
Providence College,8/13/20,NB081320H,,$750.00 ,4700-00000,3 Mo Subscription 9/1/2020 to 12/1/2020,8/13/20,,,,$750.00 ,9/15/20
The College of Wooster,8/17/20,NB081720,,"$1,610.00 ",4700-00000,6 Mo Subscription 19/8/2020 to 19/2/2021,8/17/20,,,,"$1,610.00 ",8/31/20
Reinhardt University,8/17/20,NB081720A,,"$2,300.00 ",4700-00000,1 yr Subscription 9/1/2020 to 8/31/2021,8/17/20,,9/28/20,10/6/20,"$2,300.00 ",10/9/20
University of New Mexico,8/17/20,NB081720B,,"$2,000.00 ",4700-00000,1 yr Subscription 8/24/2020 to 8/31/2021,8/17/20,,,,"$2,000.00 ",9/8/20
Hope International University,8/17/20,NB081720C,,"$1,500.00 ",4700-00000,6 Mo Subscription 17/8/2020 to 2/17/2021,8/17/20,,,,"$1,500.00 ",9/8/20
North Central College,8/17/20,NB081720D,,"$2,500.00 ",4700-00000,1 yr Subscription 8/5/2020 to 7/31/2021,8/17/20,,,,"$2,500.00 ",9/8/20
Seton Hall University,8/17/20,NB081720E,,"$4,300.00 ",4700-00000,1 yr Subscription 8/24/2020 to 8/31/2021,8/17/20,,,9/28/20,"$4,300.00 ",10/9/20
Lee University School of Music,8/17/20,NB081720F,,$450.00 ,4700-00000,6 Mo Subscription 9/1/2020 to 1/31/2021,8/17/20,,,,$450.00 ,9/8/20
Cumberland University,8/19/20,NB081920,,"$2,510.00 ",4700-00000,1 yr Subscription 8/18/2020 to 8/31/2021,8/19/20,9/29/20,,10/6/20,"$2,510.00 ",10/21/20
St. Louis Community College,8/19/20,NB081920A,,$575.00 ,4700-00000,3 Mo Subscription 9/1/2020 to 12/1/2020,8/19/20,,,,$575.00 ,9/8/20
Middle Tennessee State University,8/19/20,NB081920B,,"$12,600.00 ",4700-00000,3 yr Subscription 8/31/2020 to 8/31/2023,8/19/20,,,,"$12,600.00 ",8/31/20
University of North Dakota,8/19/20,NB081920C,,"$1,280.00 ",4700-00000,6 Mo Subscription 8/19/2020 to 2/19/2021,8/19/20,,,,"$1,280.00 ",9/28/20
University of Wisconsin-Madison,8/19/20,NB081920D,,"$1,680.00 ",4700-00000,6 Mo Subscription 8/24/2020 to 2/28/2021,8/19/20,,,,"$1,680.00 ",9/22/20
University of Montevallo,8/19/20,NB081920E,,"$1,500.00 ",4700-00000,6 Mo Subscription 9/1/2020 to 3/31/2021,8/19/20,,,,"$1,500.00 ",9/2/20
University of Hawaii at Manoa,8/20/20,NB082020,,"$3,030.00 ",4700-00000,1 yr Subscription 8/19/2020 to 8/31/2021,8/20/20,,,,"$3,030.00 ",9/15/20
Governors State University,8/20/20,NB082020B,,"$1,750.00 ",4700-00000,6 Mo Subscription 7/6/2020 to 1/31/2021,8/20/20,9/29/20,,10/6/20,"$1,750.00 ",10/21/20
Seattle University,8/20/20,NB082020A,,"$2,500.00 ",4700-00000,1 yr Subscription 8/17/2020 to 8/31/2021,8/20/20,9/29/20,10/6/20,10/26/20,"$2,500.00 ",11/3/20
Salem University,8/20/20,NB082020C,,"$2,500.00 ",4700-00000,1 yr Subscription 8/31/2020 to 8/31/2021,8/20/20,9/29/20,,10/6/20,"$2,500.00 ",10/21/20
Coastal Carolina University,8/20/20,NB082020D,,"$3,300.00 ",4700-00000,1 yr Subscription 8/17/2020 to 8/31/2021,8/20/20,9/29/20,,,"$3,300.00 ",10/2/20
Shippensburg University,8/24/20,NB082420,,"$5,000.00 ",4700-00000,1 yr Subscription 8/31/2020 to 8/31/2021,8/24/20,9/29/20,,,Sent for Pay,
"California State University, Fullerton",8/24/20,NB082420A,,"$4,000.00 ",4700-00000,1 yr Subscription 8/20/2020 to 8/31/2021,8/24/20,,,,"$4,000.00 ",9/28/20
Maryville College,8/24/20,NB082420B,,$562.00 ,4700-00000,1 yr Subscription 9/14/2020 to 12/14/2020,8/24/20,,,,$562.00 ,9/22/20
Mercer University,8/24/20,NB082420D,,"$2,500.00 ",4700-00000,1 yr Subscription 3/20/2020 to 3/31/2021,8/24/20,,,,"$2,500.00 ",9/15/20
"CA State University, Stanislaus",8/25/20,NB082520,,$950.00 ,4700-00000,1 yr Subscription 7/15/2020 to 7/31/2021,8/25/20,,,,$950.00 ,9/22/20
Rutgers University Graduate School of Education,8/25/20,NB082520A,,"$4,500.00 ",4700-00000,1 yr Subscription 8/25/2020 to 8/31/2021,8/25/20,9/29/20,10/13/20,10/26/20,Follow Up email sent,
Georgia Gwinnett College,8/25/20,NB082520B,,$150.00 ,4700-00000,1 yr Subscription 12/1/2019 to 11/30/2020,8/25/20,,,,$149.86 ,9/25/20
Columbia College,8/25/20,NB082520C,,"$1,000.00 ",4700-00000,1 yr Subscription 8/1/2020 to 7/31/2021,8/25/20,9/29/20,,10/6/20,"$1,000.00 ",10/21/20
University of North Carolina at Greensboro,8/25/20,NB082520D,,"$3,500.00 ",4700-00000,1 yr Subscription 8/31/2020 to 8/31/2021,8/25/20,,,,"$3,500.00 ",9/22/20
Bellarmine University,8/25/20,NB082520E,,$400.00 ,4700-00000,1 yr Subscription 5/4/2020 to 4/30/2021,8/25/20,,,,$400.00 ,9/15/20
Mercer University,8/25/20,NB082520F,,"$2,500.00 ",4700-00000,1 yr Subscription 3/20/2020 to 3/31/2021,8/25/20,9/29/20,,10/13/20,"$2,500.00 ",9/15/20
The University of Texas at Tyler,8/25/20,NB082520G,,"$1,250.00 ",4700-00000,6 Mo Subscription 9/4/2020 to 1/31/2021,8/25/20,9/29/20,,,"$1,250.00 ",10/2/20
Bard College,8/25/20,NB082520H,,$437.00 ,4700-00000,3 Mo Subscription 9/15/2020 to 12/15/2020,8/25/20,9/29/20,,,$437.00 ,10/5/20
The University of New Orleans,8/25/20,NB082520I,,"$3,000.00 ",4700-00000,1 yr Subscription 8/24/2020 to 8/31/2021,8/25/20,,,,"$3,000.00 ",9/28/20
Berry College,8/25/20,NB082520J,,"$1,650.00 ",4700-00000,1 yr Subscription 8/21/2020 to 8/31/2021,8/25/20,,,,"$1,650.00 ",9/22/20
University of North Alabama,8/25/20,NB082520K,,"$1,750.00 ",4700-00000,6 Mo Subscription 7/10/2020 to 1/10/2021,8/25/20,,,,"$1,750.00 ",9/8/20
Meredith College,8/25/20,NB082520L,,$800.00 ,4700-00000,3 Mo Subscription 8/25/2020 to 11/25/2020,8/25/20,9/29/20,,,$799.80 ,10/2/20
Florida State University,8/25/20,NB082520M,,"$1,700.00 ",4700-00000,1 yr Subscription 8/13/2020 to 7/31/2021,8/25/20,,,,"$1,700.00 ",9/8/20
Louisiana State University Baton Rouge,8/25/20,NB082520N,,"$4,000.00 ",4700-00000,1 yr Subscription 5/4/2020 to 4/30/2021,8/25/20,,,,"$4,000.00 ",9/22/20
Humboldt State University,8/25/20,NB082520O,,$500.00 ,4700-00000,1 yr Subscription 8/12/2020 to 7/31/2021,8/25/20,,,,$500.00 ,9/28/20
Bradley University,8/25/20,NB082520P,,$565.00 ,4700-00000,3 Mo Subscription 8/25/2020 to 12/7/2020,8/25/20,9/29/20,,,$565.00 ,9/15/20
"Mississippi State University, College of Education",8/25/20,NB082520Q,,"$2,500.00 ",4700-00000,1 yr Subscription 8/10/2020 to 7/31/2021,8/25/20,,,,"$2,500.00 ",9/8/20
Kutztown University of Pennsylvania,8/25/20,NB082520R,,"$6,500.00 ",4700-00000,1 yr Subscription 7/21/2020 to 7/31/2021,8/25/20,,,,"$6,500.00 ",8/31/20
Kutztown University of Pennsylvania,8/25/20,NB082520S,,"$2,500.00 ",4700-00000,1 yr Subscription 7/21/2020 to 7/31/2021,8/25/20,,,,"$2,500.00 ",9/4/20
Ouachita Baptist University,8/25/20,NB082520T,,"$2,070.00 ",4700-00000,1 yr Subscription 8/25/2020 to 8/31/2021,8/25/20,,,,"$2,070.00 ",9/15/20
Ferris State University,8/28/20,NB082820,,"$6,600.00 ",4700-00000,3 yr Subscription 9/1/2020 to 8/31/2023,8/28/20,9/29/20,,10/13/20,Follow Up email sent,
St. Bonaventure University-School of Education,8/28/20,NB082820A,,"$5,100.00 ",4700-00000,1 yr Subscription 8/31/2020 to 8/31/2021,8/28/20,,,,"$5,100.00 ",9/15/20
Florida SouthWestern State College,8/28/20,NB082820B,,"$4,000.00 ",4700-00000,1 yr Subscription 8/31/2020 to 8/31/2021,8/28/20,,,,"$4,000.00 ",9/22/20
Hanover College,8/28/20,NB082820C,,$550.00 ,4700-00000,3 Mo Subscription 9/1/2020 to 11/30/2020,8/28/20,9/29/20,,,$548.53 ,9/30/20
Western Illinois University,9/1/20,NB090120,,"$1,000.00 ",4700-00000,1 yr Subscription 9/1/2020 to 8/31/2021,9/1/20,,,,"$1,000.00 ",10/5/20
CA State University Chico,9/1/20,NB090120A,,$500.00 ,4700-00000,1 yr Subscription 7/24/2020 to 7/31/2021,9/1/20,10/8/20,,,$500.00 ,10/14/20
Hobart and William Smith Colleges,9/1/20,NB090120B,,$525.00 ,4700-00000,3 Mo Subscription 8/24/2020 to 12/4/2020,9/1/20,,,,$525.00 ,10/2/20
University of the Arts,9/1/20,NB090120C,,$555.00 ,4700-00000,3 Mo Subscription 9/8/2020 to 12/8/2020,9/1/20,,,,$531.94 ,9/2/20
Murray State University,9/1/20,NB090120D,,"$5,750.00 ",4700-00000,1 yr Subscription 8/21/2020 to 8/31/2021,9/1/20,,,,"$5,750.00 ",9/15/20
Lewis University,9/1/20,NB090120E,,"$3,000.00 ",4700-00000,1 yr Subscription 8/21/2020 to 8/31/2021,9/1/20,,,,"$3,000.00 ",9/22/20
Eastern Michigan University,9/1/20,NB090120F,,"$1,710.00 ",4700-00000,1 yr Subscription 8/31/2020 to 8/31/2021,9/1/20,,,,"$1,705.48 ",9/2/20
CSU San Bernardino,9/1/20,NB090120G,,"$5,000.00 ",4700-00000,1 yr Subscription 8/31/2020 to 8/31/2021,9/1/20,,,,"$5,000.00 ",10/5/20
Thomas College,9/1/20,NB090120H,,$625.00 ,4700-00000,3 Mo Subscription 10/1/2020 to 12/31/2020,9/1/20,,,,$625.00 ,9/22/20
Westfield State University,9/1/20,NB090120I,,"$5,500.00 ",4700-00000,1 yr Subscription 8/31/2020 to 8/31/2021,9/1/20,10/8/20,,,"$5,500.00 ",10/17/20
Morgan State University,9/1/20,NB090120J,,"$2,250.00 ",4700-00000,1 yr Subscription 9/1/2020 to 8/31/2021,9/1/20,,,,"$2,244.05 ",9/3/20
Ramapo College,9/1/20,NB090120K,,$400.00 ,4700-00000,3 Mo Subscription 8/28/2020 to 11/28/2020,9/1/20,10/8/20,,,Sent for Pay follow up on 10/22/20,
Rhodes College,9/1/20,NB090120L,,"$2,100.00 ",4700-00000,1 yr Subscription 8/27/2020 to 8/31/2021,9/1/20,,,,"$2,100.00 ",9/8/20
"The Citadel, Zucker Family School of Education",9/1/20,NB090120M,,$625.00 ,4700-00000,3 Mo Subscription 9/1/2020 to 12/31/2020,9/1/20,,,,$625.00 ,9/28/20
Colorado State University Pueblo,9/1/20,NB090120N,,"$4,500.00 ",4700-00000,1 yr Subscription 8/17/2020 to 8/31/2021,9/1/20,10/8/20,,,Sent for Pay follow up on 10/22/20,
Southeast Missouri State University,9/1/20,NB090120O,,"$1,825.00 ",4700-00000,3 Mo Subscription 9/11/2020 to 12/11/2020,9/1/20,,,,"$1,825.00 ",9/28/20
Lebanon Valley College,9/1/20,NB090120P,,"$3,700.00 ",4700-00000,1 yr Subscription 8/24/2020 to 8/31/2020,9/1/20,,,,"$3,700.00 ",9/22/20
Charleston Southern University,9/1/20,NB090120Q,,"$10,800.00 ",4700-00000,1 yr Subscription 8/20/2020 to 8/31/2021,9/1/20,,,,"$10,800.00 ",9/16/20
John Carroll University,9/1/20,NB090120R,,"$1,000.00 ",4700-00000,1 yr Subscription 8/31/2020 to 8/31/2021,9/1/20,,,,"$1,000.00 ",9/10/20
John Carroll University,9/1/20,NB090120S,,$500.00 ,4700-00000,1 yr Subscription 8/31/2020 to 8/31/2021,9/1/20,,,,$500.00 ,9/10/20
Saint Joseph’s University,9/8/20,NB090820,,"$1,500.00 ",4700-00000,3 yr Subscription 8/7/2020 to 7/31/2023,9/8/20,,,,"$1,500.00 ",9/28/20
North Carolina State University (NCSU),9/8/20,NB090820A,,"$4,500.00 ",4700-00000,1 yr Subscription 8/1/2020 to 7/31/2021,9/8/20,,,,,
California State University Northridge,9/8/20,NB090820B,,"$1,976.30 ",4700-00000,1 yr Subscription 8/21/2020 to 8/31/2021,9/8/20,,,,"$1,894.97 ",9/10/20
Texas State University TXST,9/8/20,NB090820C,,"$6,000.00 ",4700-00000,1 yr Subscription 9/8/2020 to 8/31/2021,9/8/20,,,,"$6,000.00 ",10/6/20
College for Creative Studies,9/8/20,NB090820D,,"$1,976.30 ",4700-00000,1 yr Subscription 9/1/2020 to 8/31/2021,9/8/20,,,,"$1,894.97 ",9/11/20
Barton College,9/8/20,NB090820E,,"$2,300.00 ",4700-00000,1 yr Subscription 9/1/2020 to 8/31/2021,9/8/20,,,,"$2,300.00 ",10/2/20
University of Minnesota Duluth,9/8/20,NB090820F,,"$5,090.00 ",4700-00000,1 yr Subscription 8/31/2020 to 8/31/2021,9/8/20,,,11/3/20,Follow Up Email Sent,
Brandeis University,9/8/20,NB090820G,,"$2,000.00 ",4700-00000,1 yr Subscription 9/4/2020 to 8/31/2021,9/8/20,,,,"$2,000.00 ",10/9/20
Anderson University,9/8/20,NB090820H,,$800.00 ,4700-00000,3 Mo Subscription 9/1/2020 to 11/30/2020,9/8/20,,,,$800.00 ,9/25/20
University of Illinois at Urbana-Champaign,9/8/20,NB090820I,,"$2,480.00 ",4700-00000,1 yr Subscription 9/4/2020 to 8/31/2021,9/8/20,,,11/3/20,Follow Up Email Sent,
Oregon State University,9/8/20,NB090820J,,"$3,000.00 ",4700-00000,1 yr Subscription 8/31/2020 to 8/31/2021,9/8/20,,,,"$3,000.00 ",9/28/20
Wingate University,9/8/20,NB090820K,,$625.00 ,4700-00000,3 Mo Subscription 8/31/2020 to 11/30/2020,9/8/20,,,,$625.00 ,9/22/20
Concordia University Chicago,9/8/20,NB090820M,,"$1,000.00 ",4700-00000,6 Mo Subscription 9/1/2020 to 2/28/2021,9/8/20,,,,"$1,000.00 ",10/2/20
Siena College,9/8/20,NB090820N,,"$1,250.00 ",4700-00000,6 Mo Subscription 9/1/2020 to 2/28/2021,9/8/20,10/14/20,,,"$1,250.00 ",11/3/20
Gettysburg College,9/8/20,NB090820O,,"$2,000.00 ",4700-00000,1 yr Subscription 8/31/2020 to 8/31/2021,9/8/20,,,,"$2,000.00 ",10/2/20
University of Wisconsin-Eau Claire,9/8/20,NB090820P,,"$4,650.00 ",4700-00000,1 yr Subscription 8/24/2020 to 8/31/2021,9/8/20,,,,"$4,650.00 ",10/5/20
University of California Berkeley,9/8/20,NB090820Q,,$875.00 ,4700-00000,6 Mo Subscription 9/4/2020 to 2/28/2021,9/8/20,,,,$883.60 ,9/25/20
National Louis University,9/8/20,NB090820R,,"$15,800.00 ",4700-00000,1 yr Subscription 8/24/2020 to 8/31/2021,9/8/20,,,,"$15,800.00 ",9/22/20
Winthrop University,9/8/20,NB090820S,,$937.50 ,4700-00000,3 Mo Subscription 9/1/2020 to 11/30/2020,9/8/20,10/14/20,,,$937.50 ,10/27/20
East Tennessee State University,9/8/20,NB090820T,,"$1,710.00 ",4700-00000,1 yr Subscription 6/30/2020 to 6/30/2021,9/8/20,,,,"$1,710.00 ",9/22/20
Austin Peay State University,9/8/20,NB090820U,,"$1,500.00 ",4700-00000,1 yr Subscription 12/31/2019 to 12/31/2020,9/8/20,,,,,
William Baptist University,9/8/20,NB090820V,,$587.00 ,4700-00000,3 Mo Subscription 9/1/2020 to 11/30/2020,9/8/20,,,,$587.00 ,9/22/20
North Carolina Central University,9/8/20,NB090820W,,$375.00 ,4700-00000,3 Mo Subscription 9/1/2020 to 12/1/2020,9/8/20,,,,$375.00 ,10/17/20
Roosevelt University,9/8/20,NB090820X,,"$1,500.00 ",4700-00000,1 yr Subscription 7/1/2019 to 6/30/2020,9/8/20,,,,"$1,500.00 ",9/16/20
"CA State University, Stanislaus",9/8/20,NB090820Y,,"$3,250.00 ",4700-00000,1 yr Subscription 7/15/2020 to 7/31/2021,9/8/20,,,,"$3,250.00 ",9/22/20
Clarion University of Pennsylvania,9/8/20,NB090820Z,,"$4,500.00 ",4700-00000,1 yr Subscription 9/2/2020 to 8/31/2021,9/8/20,,,,"$4,500.00 ",10/9/20
Brock University,9/8/20,NB090820AA,,$290.00 ,4700-00000,3 Mo Subscription 9/1/2020 to 12/8/2020,9/8/20,,,,$290.00 ,10/5/20
Salve Regina University,9/8/20,NB090820AB,,$208.30 ,4700-00000,1 yr Subscription 8/1/2020 to 7/31/2021,9/8/20,,,,$199.46 ,9/11/20
Medaille College,9/8/20,NB091120,,"$3,000.00 ",4700-00000,1 yr Subscription 9/8/2020 to 8/31/2021,9/11/20,,,,,
Springfield College,9/11/20,NB091120A,,$625.00 ,4700-00000,3 Mo Subscription 9/14/2020 to 12/14/2020,9/11/20,10/15/20,,,Sent for Pay,
Wheaton College,9/11/20,NB091120B,,$512.50 ,4700-00000,3 Mo Subscription 9/14/2020 to 12/14/2020,9/11/20,,,,$512.50 ,10/6/20
Humboldt State University – Art Department,9/11/20,NB091120C,,$500.00 ,4700-00000,3 Mo Subscription 9/8/2020 to 12/8/2020,9/11/20,,,,$500.00 ,10/13/20
University of the Pacific,9/11/20,NB091120D,,"$2,750.00 ",4700-00000,1 yr Subscription 9/30/2020 to 9/30/2021,9/11/20,10/15/20,,,"$2,750.00 ",10/27/20
Thiel College,9/11/20,NB091120E,,$500.00 ,4700-00000,3 Mo Subscription 9/10/2020 to 12/10/2020,9/11/20,,,,$500.00 ,10/5/20
Minnesota State University Moorhead,9/11/20,NB091120F,,"$3,000.00 ",4700-00000,1 yr Subscription 8/31/2020 to 8/31/2021,9/11/20,,,,"$3,000.00 ",10/9/20
Saint Catherine University,9/11/20,NB091120G,,$391.00 ,4700-00000,3 Mo Subscription 9/9/2020 to 12/9/2020,9/11/20,,,,$390.89 ,9/17/20
"University of California, Davis",9/11/20,NB091120H,,$875.00 ,4700-00000,3 Mo Subscription 10/1/2020 to 12/31/2020,9/11/20,10/15/20,,11/3/20,Follow Up Email Sent,
"University of Wyoming, College of Education",9/11/20,NB091120I,,"$4,350.00 ",4700-00000,3 yr Subscription 9/1/2020 to 10/31/2023,9/11/20,10/15/20,,,"$4,350.00 ",10/27/20
Calvert County Public Schools,9/11/20,NB091120J,,"$1,840.00 ",4700-00000,1 yr Subscription 8/28/2020 to 8/31/2021,9/11/20,,,,"$1,840.00 ",10/17/20
University of Central Oklahoma,9/11/20,NB091120K,,$700.00 ,4700-00000,3 Mo Subscription 9/10/2020 to 12/10/2020,9/11/20,,,,$699.82 ,9/25/20
"Teachers College, Columbia University",9/11/20,NB091120L,,"$5,000.00 ",4700-00000,1 yr Subscription 9/11/2020 to 9/30/2021,9/11/20,,,,"$5,000.00 ",10/5/20
University of Rhode Island (School of Education),9/12/20,NB091220,,$750.00 ,4700-00000,3 Mo Subscription 9/14/2020 to 12/14/2020,9/12/20,,,,$750.00 ,10/14/20
University of Rhode Island (School of Education),9/12/20,NB091220A,,"$3,500.00 ",4700-00000,1 yr Subscription 9/14/2020 to 9/30/2021,9/12/20,,,,"$2,500.00 ",10/13/20
University of Louisiana at Lafayette,9/12/20,NB091220B,,$875.00 ,4700-00000,3 Mo Subscription 9/8/2020 to 11/8/2020,9/12/20,,,,$874.78 ,9/16/20
Pathway to Practice NC,9/12/20,NB091220C,,"$2,000.00 ",4700-00000,1 yr Subscription 11/1/2020 to 10/31/2021,9/12/20,,,,"$1,999.51 ",9/16/20
Ithaca College,9/13/20,NB091320,,$875.00 ,4700-00000,3 Mo Subscription 9/15/2020 to 11/30/2020,9/13/20,,,,Follow Up on 2-Nov-20,
UNC Wilmington,9/13/20,NB091320A,,"$7,500.00 ",4700-00000,1 yr Subscription 8/31/2020 to 8/31/2021,9/13/20,,,,"$7,500.00 ",10/9/20
University of North Alabama,9/13/20,NB091320B,,$250.00 ,4700-00000,6 Mon Subscription 07/10/2020 to 01/10/2021,9/13/20,,,,$250.00 ,10/2/20
"CA State University, Stanislaus",9/13/20,NB091320C,,$700.00 ,4700-00000,1 yr Subscription 7/15/2020 to 7/31/2021,9/13/20,,,,$700.00 ,10/17/20
Mississippi State University Meridian,9/13/20,NB091320D,,"$1,000.00 ",4700-00000,6 Mon Subscription 07/21/2020 to 01/31/2021,9/13/20,,,,"$1,000.00 ",10/5/20
University of Texas at Tyler,9/13/20,NB091320E,,$355.00 ,4700-00000,6 Mon Subscription 09/4/2020 to 01/31/2021,9/13/20,,,,$355.00 ,10/2/20
Northern Virginia Community College,9/13/20,NB091320F,,"$1,750.00 ",4700-00000,6 Mon Subscription 10/1/2020 to 03/31/2021,9/13/20,,,,,
Alverno College,9/13/20,NB091320G,,"$2,750.00 ",4700-00000,1 yr Subscription 9/10/2020 to 7/30/2021,9/13/20,,,,"$2,750.00 ",9/28/20
"University of Kentucky, IHE",9/13/20,NB091320H,,$500.00 ,4700-00000,1 yr Subscription 8/1/2020 to 7/31/2021,9/13/20,,,,Follow Up on 2-Nov-20,
University of Maryland College of Education,9/15/20,NB091520,,"$3,500.00 ",4700-00000,1 yr Subscription 9/14/2020 to 9/30/2021,9/15/20,,,,,
University of Wisconsin-River Falls,9/17/20,NB091720,,$462.00 ,4700-00000,3 Mo Subscription 9/15/2020 to 12/15/2020,9/17/20,,,,$462.00 ,10/9/20
Bowling Green State University,9/17/20,NB091720A,,"$1,270.00 ",4700-00000,3 Mo Subscription 10/1/2020 to 12/30/2020,9/17/20,,,,,
Crowder College,9/17/20,NB091720B,,"$2,500.00 ",4700-00000,1 yr Subscription 9/19/2020 to 9/30/2021,9/17/20,,,,"$2,500.00 ",10/2/20
Aquinas College,9/17/20,NB091720C,,$875.00 ,4700-00000,6 Mon Subscription 10/1/2020 to 03/31/2021,9/17/20,,,,$875.00 ,10/2/20
University of Maryland,9/17/20,NB071720D,,$130.00 ,4700-00000,1 yr Subscription 8/8/2020 to 7/31/2021,7/30/20,,,9/9/20,Sent for Pay,
Metro RESA,9/18/20,NB091820,,"$4,500.00 ",4700-00000,1 yr Subscription 9/18/2020 to 9/30/2021,9/18/20,,,,"$4,500.00 ",10/9/20
Metro RESA,9/18/20,NB091820A,,"$3,000.00 ",4700-00000,1 yr Subscription 9/18/2020 to 9/30/2021,9/18/20,,,,,
Saint Joseph’s College of Maine,9/18/20,NB091820B,,"$2,250.00 ",4700-00000,1 yr Subscription 9/21/2020 to 9/30/2021,9/18/20,,,,"$2,250.00 ",10/9/20
"CA State University, Stanislaus",9/21/20,NB092120,,$360.00 ,4700-00000,1 yr Subscription 7/15/2020 to 7/31/2021,9/21/20,,,,$360.00 ,10/17/20
Yakima Valley College,9/21/20,NB092120A,,"$1,030.00 ",4700-00000,6 Mon Subscription 9/18/2020 to 03/18/2021,9/21/20,,,,"$1,030.00 ",10/21/20
University of San Francisco,9/21/20,NB092120B,,$100.00 ,4700-00000,1 yr Subscription 4/15/2020 to 4/30/2021,9/21/20,,,,$100.00 ,10/9/20
Houghton College,9/21/20,NB092120C,,"$2,500.00 ",4700-00000,1 yr Subscription 10/1/2020 to 9/30/2021,9/21/20,,,,"$2,500.00 ",10/2/20
University of Georgia,9/21/20,NB092120D,,"$4,500.00 ",4700-00000,1 yr Subscription 9/18/2020 to 9/30/2021,9/21/20,,,,,
University of Montevallo,9/22/20,NB092220,,$750.00 ,4700-00000,6 Mon Subscription 9/1/2020 to 03/31/2021,9/22/20,,,,$750.00 ,10/2/20
The Citadel Zucker Family School of Education,9/22/20,NB092220A,,$125.00 ,4700-00000,3 Mo Subscription 9/1/2020 to 12/31/2020,9/22/20,,,,$125.00 ,10/17/20
Ball State University,9/24/20,NB092420,,"$3,250.00 ",4700-00000,3 Mo Subscription 9/24/2020 to 12/24/2020,9/24/20,,,,"$3,250.00 ",9/28/20
Morehead State University,9/24/20,NB092420A,,"$1,000.00 ",4700-00000,1 yr Subscription 7/7/2020 to 6/30/2021,9/24/20,,,,"$1,000.00 ",10/9/20
CA State University Dominguez Hills,9/24/20,NB092420B,,"$2,125.00 ",4700-00000,3 Mo Subscription 9/21/2020 to 12/21/2020,9/24/20,,,,,
Washington State University,9/24/20,NB092420C,,"$2,500.00 ",4700-00000,1 yr Subscription 9/22/2020 to 9/30/2021,9/24/20,,,,"$2,500.00 ",10/8/20
University of North Florida,9/24/20,NB092420D,,"$1,400.00 ",4700-00000,6 Mon Subscription 9/9/2020 to 03/9/2021,9/24/20,,,,"$1,400.00 ",10/9/20
Rochester Institute of Technology,9/25/20,NB092520,,$800.00 ,4700-00000,6 Mon Subscription 9/24/2020 to 03/24/2021,9/25/20,,,,$799.50 ,10/2/20
Lehigh Carbon Community College,9/29/20,NB092920,,"$2,250.00 ",4700-00000,1 yr Subscription 9/28/2020 to 9/30/2021,9/29/20,,,,"$2,250.00 ",11/3/20
Skidmore College,9/29/20,,,$50.00 ,4700-00000,1 yr Subscription 7/15/2020 to 7/14/2021,9/29/20,,,,$50.00 ,9/28/20
University of Maryland Baltimore County,9/30/20,NB093020,,"$2,500.00 ",4700-00000,1 yr Subscription 9/30/2020 to 9/30/2021,9/30/20,,,,,
Salisbury University,10/1/20,NB100120,,"$3,250.00 ",4700-00000,6 Mon Subscription 10/1/2020 to 03/31/2021,10/1/20,,,,"$3,250.00 ",11/3/20
Minnesota State University Moorhead,10/1/20,NB100120A,,$100.00 ,4700-00000,1 yr Subscription 8/31/2020 to 8/31/2021,10/1/20,,,,$100.00 ,10/21/20
"CA State University, Stanislaus",10/1/20,NB100120B,,$190.00 ,4700-00000,1 yr Subscription 7/15/2020 to 7/31/2021,10/1/20,,,,$190.00 ,10/27/20
University of Maryland College of Education,10/1/20,NB100120C,,$500.00 ,4700-00000,1 yr Subscription 9/30/2020 to 9/30/2021,10/1/20,,,,,
Bellarmine University,10/1/20,NB100120D,,$200.00 ,4700-00000,1 yr Subscription 5/4/2020 to 4/30/2021,10/1/20,,,,$200.00 ,11/3/20
Miami University,10/1/20,NB100120E,,"$1,250.00 ",4700-00000,3 Mo Subscription 9/15/2020 to 12/15/2020,10/1/20,,,,"$1,250.00 ",10/27/20
University of North Texas,10/2/20,NB100220,,"$3,000.00 ",4700-00000,1 yr Subscription 10/2/2020 to 9/30/2021,10/2/20,,,,"$3,000.00 ",10/6/20
Hudson Valley Community College,10/2/20,NB100220A,,$400.00 ,4700-00000,3 Mo Subscription 10/2/2020 to 12/31/2020,10/2/20,,,,$400.00 ,10/21/20
Modesto Junior College,9/1/20,NB090820L,,"$1,500.00 ",4700-00000,6 Mon Subscription 8/31/2020 to 02/28/2021,9/1/20,,,,"$1,500.00 ",10/2/20
"BloomBoard, Inc",10/7/20,NB100720,,"$15,520.00 ",4700-00000,2020 Yearly Invoice ending 9/26/2020,10/7/20,,,,"$15,000.00 ",10/27/20
Niagara University,10/7/20,NB100820,,"$3,500.00 ",4700-00000,1 yr Subscription 10/1/2020 to 9/30/2021,10/7/20,,,,,
University of Michigan-Dearborn,10/7/20,NB100820A,,$450.00 ,4700-00000,3 Mo Subscription 10/2/2020 to 12/31/2020,10/7/20,,,,,
Northern Illinois University,10/7/20,NB100820B,,"$8,880.00 ",4700-00000,1 yr Subscription 9/17/2020 to 9/30/2021,10/7/20,,,,"$8,880.00 ",11/3/20
Middlesex County College,10/7/20,NB100820C,,$200.00 ,4700-00000,30 Days 10/15/2020 to 11/14/2020,10/7/20,,,,$200.00 ,10/21/20
City University of New York,10/7/20,NB100820D,,$495.00 ,4700-00000,6 Mon Subscription 7/1/2020 to 12/30/2020,10/7/20,,,,$495.00 ,10/19/20
Ripon College,10/7/20,NB100820F,,"$1,900.00 ",4700-00000,1 yr Subscription 10/15/2020 to 10/31/2021,10/7/20,,,,"$1,900.00 ",10/27/20
San Jose State University,10/7/20,NB100820G,,$200.00 ,4700-00000,1 yr Subscription 5/31/2020 to 5/31/2021,10/7/20,,,,,
Western Washington University,10/7/20,NB100820H,,$700.00 ,4700-00000,3 Mo Subscription 9/1/2020 to 12/31/2020,10/7/20,,,,$700.00 ,10/13/20
Valdosta State University,10/7/20,NB100820I,,"$1,625.00 ",4700-00000,3 Mo Subscription 10/7/2020 to 12/31/2020,10/7/20,,,,,
Crowley’s Ridge College,10/7/20,NB100820J,,$395.00 ,4700-00000,3 Mo Subscription 10/7/2020 to 12/31/2020,10/7/20,,,,$395.00 ,10/27/20
Alderson Broaddus University,10/7/20,NB100820K,,$500.00 ,4700-00000,3 Mo Subscription 10/2/2020 to 12/31/2020,10/7/20,,,,$500.00 ,10/13/20
University of Arkansas,10/9/20,NB100920,,"$3,250.00 ",4700-00000,6 Mon Subscription 10/7/2020 to 4/7/2021,10/9/20,,,,"$3,250.00 ",10/19/20
Bureau of Indian Affairs,10/9/20,NB100920A,,"$21,000.00 ",4700-00000,1 yr Subscription 10/1/2020 to 9/30/2021,10/9/20,,,,,
Southern Illinois University Edwardsville,10/13/20,NB101320A,,"$4,700.00 ",4700-00000,1 yr Subscription 10/9/2020 to 9/30/2021,10/13/20,,,,,
University of Southern Mississippi,10/13/20,NB101320B,,"$1,200.00 ",4700-00000,1 yr Subscription 9/30/2020 to 9/30/2021,10/13/20,,,,"$1,200.00 ",11/3/20
Winthrop University,10/13/20,NB101320C,,"$1,000.00 ",4700-00000,1 yr Subscription 9/30/2020 to 9/30/2021,10/13/20,,,,,
University of Wisconsin Stevens Point,10/15/20,NB101520,,"$4,500.00 ",4700-00000,1 yr Subscription 9/8/2020 to 8/31/2021,10/15/20,,,,,
Capital University,10/15/20,NB101520A,,"$1,640.00 ",4700-00000,1 yr Subscription 10/14/2020 to 10/31/2021,10/15/20,,,,"$1,640.00 ",10/15/20
University of Rochester-Warner School,10/16/20,NB101620,,"$4,800.00 ",4700-00000,3 yr Subscription 10/20/2020 to 10/31/2023,10/16/20,,,,,
University of Louisville,10/16/20,NB101620A,,"$4,500.00 ",4700-00000,1 yr Subscription 10/6/2020 to 10/5/2021,10/16/20,,,,"$4,500.00 ",10/21/20
Indiana Universities Libraries,10/16/20,NB101620B,,"$6,500.00 ",4700-00000,1 yr Subscription 8/31/2020 to 8/31/2021,10/16/20,,,,"$6,500.00 ",11/3/20
University of North Florida,10/16/20,NB101620C,,$75.00 ,4700-00000,6 Mon Subscription 9/9/2020 to 3/9/2021,10/16/20,,,,,
Prince George’s Community College,10/19/20,NB101920,,$500.00 ,4700-00000,6 Mon Subscription 10/23/2020 to 4/23/2021,10/19/20,,,,$500.00 ,11/3/20
University of Wisconsin-River Falls,10/19/20,NB101920A,,"$2,500.00 ",4700-00000,1 yr Subscription 9/8/2020 to 10/31/2021,10/19/20,,,,"$2,500.00 ",11/3/20
Niagara University,10/19/20,NB101920B,,$410.00 ,4700-00000,1 yr Subscription 10/1/2020 to 9/30/2021,10/19/20,,,,,
Pierce College,10/20/20,NB102020,,$750.00 ,4700-00000,1 yr Subscription 9/30/2020 to 9/30/2021,10/20/20,,,,$750.00 ,10/21/20
The State University of New York (SUNY),10/20/20,NB102020A,,"$16,052.00 ",4700-00000,3 Mo Subscription 8/20/2020 to 12/12/2020,10/20/20,,,,,
Brown University,10/22/20,NB102020,,$425.00 ,4700-00000,3 Mo Subscription 11/1/2020 to 1/31/2021,10/22/20,,,,,
Mississippi State University Meridian,10/22/20,NB102020A,,$100.00 ,4700-00000,6 Mon Subscription 7/21/2020 to 1/31/2021,10/22/20,,,,,
Purdue University Fort Wayne,10/22/20,NB102020B,,"$5,000.00 ",4700-00000,1 yr Subscription 9/28/2020 to 9/30/2021,10/22/20,,,,,
Winston-Salem State University,10/23/20,NB102220C,,$562.00 ,4700-00000,3 Mo Subscription 10/22/2020 to 1/22/2020,10/23/20,,,,,
University of North Florida,10/23/20,NB102320,,$100.00 ,4700-00000,6 Mon Subscription 9/9/2020 to 3/9/2021,10/23/20,,,,,
Niagara University,10/28/20,NB102320,,$300.00 ,4700-00000,1 yr Subscription 10/1/2020 to 9/30/2021,10/28/20,,,,,
University of St. Thomas,10/30/20,NB103020,,"$3,366.00 ",4700-00000,1 yr Subscription 11/7/2020 to 10/31/2021,10/30/20,,,,,
Rio Salado College,11/2/20,NB110220,,"$26,250.00 ",4700-00000,3 yr Subscription 10/31/2020 to 10/31/2023,11/2/20,,,,,
LaGrange College,11/2/20,NB110220A,,$500.00 ,4700-00000,3 Mo Subscription 9/1/2020 to 12/1/2020,11/2/20,,,,,
University of Texas at San Antonio,11/2/20,NB110220B,,"$2,500.00 ",4700-00000,1 yr Subscription 11/2/2020 to 10/31/2021,11/2/20,,,,,
Santa Rosa County District Schools,11/2/20,NB110220C,,"$3,500.00 ",4700-00000,1 yr Subscription 11/2/2020 to 10/31/2021,11/2/20,,,,,
Prince George’s Community College,11/3/20,NB101920,,$40.00 ,4700-00000,6 Mon Subscription 10/23/2020 to 4/23/2021,11/3/20,,,,$40.00 ,11/3/20
Lewis University,11/3/20,NB110320,,$500.00 ,4700-00000,1 yr Subscription 8/21/2020 to 8/31/2021,11/3/20,,,,,
Saint Xavier University,11/3/20,NB110320A,,$200.00 ,4700-00000,1 yr Subscription 8/1/2020 to 7/31/2021,11/3/20,,,,,
Arkansas Northeastern College,11/4/20,NB110420,,"$1,700.00 ",4700-00000,1 yr Subscription 10/19/2020 to 10/31/2021,11/4/20,,,,,
"University of California, Riverside",11/4/20,NB110420A,,"$2,250.00 ",4700-00000,1 yr Subscription 12/31/2020 to 12/31/2021,11/4/20,,,,,
NHTI-Concord’s Community College,11/4/20,NB110420B,,"$2,000.00 ",4700-00000,1 yr Subscription 11/3/2020 to 10/31/2021,11/4/20,,,,,
State Fair Community College,11/6/20,NB110620,,"$6,000.00 ",4700-00000,3 yr Subscription 1/1/2021 to 12/31/2023,11/6/20,,,,,
Siena College,11/6/20,NB110620A,,"$1,525.00 ",4700-00000,6 Mon Subscription 2/28/2021 to 5/31/2021,11/6/20,,,,,
Presbyterian College Education Department,11/9/20,NB110920,,"$1,000.00 ",4700-00000,6 Mon Subscription 1/25/2021 to 7/25/2021,11/9/20,,,,,
nan,,,,,,,1/0/00,,,,,
nan,,,,,,,1/0/00,,,,,
nan,,,,,,,1/0/00,,,,,
nan,,,,,,,1/0/00,,,,,
nan,,,,,,,1/0/00,,,,,
nan,,,,,,,1/0/00,,,,,
nan,,,,,,,,,,,,
nan,,,,,,,,,,,,
nan,,,,"$1,051,447.22 ",,Balance:,,,,,"$853,917.25 ",
nan,,,,,,"$197,529.97 ",,,,,,
nan,,,,Aug-19 to Dec-19,ATLAS,,,,,,,
